D9,,,,
BookingReference,Created Date,Reference,Attendee Status,Attended
B739461,16/07/2019,A802512,Cancelled,
B739462,16/07/2019,A802513,Attending,Yes
B739463,16/07/2019,A802514,Attending,Yes
B739464,16/07/2019,A802515,Attending,No
B739465,16/07/2019,A802516,Attending,No
B739466,16/07/2019,A802517,Cancelled,
B739467,16/07/2019,A802518,Attending,Yes
B739468,16/07/2019,A802519,Attending,Yes
B739469,16/07/2019,A802520,Attending,No
B739470,16/07/2019,A802521,Cancelled,
B739471,16/07/2019,A802522,Attending,Yes
B739472,16/07/2019,A802523,Attending,No
B739473,16/07/2019,A802524,Cancelled,
B739474,16/07/2019,A802525,Attending,Yes
B739475,16/07/2019,A802526,Attending,Yes
B739476,16/07/2019,A802527,Cancelled,
B739477,16/07/2019,A802528,Attending,No
B739478,16/07/2019,A802529,Cancelled,
B739479,16/07/2019,A802530,Attending,No
B739480,16/07/2019,A802531,Attending,No
B739481,16/07/2019,A802532,Attending,Yes
B739482,16/07/2019,A802533,Attending,Yes
B739483,16/07/2019,A802534,Attending,Yes
B739484,16/07/2019,A802535,Attending,Yes
B739485,16/07/2019,A802536,Attending,Yes
B739486,16/07/2019,A802537,Attending,No
B739487,16/07/2019,A802538,Attending,Yes
B739488,16/07/2019,A802539,Attending,Yes
B739489,16/07/2019,A802540,Attending,No
B739490,16/07/2019,A802541,Attending,Yes
B739491,16/07/2019,A802542,Attending,Yes
B739492,16/07/2019,A802543,Attending,No
B739493,16/07/2019,A802544,Attending,No
B739494,16/07/2019,A802545,Attending,No
B739495,16/07/2019,A802546,Attending,Yes
B739496,16/07/2019,A802547,Attending,No
B739497,16/07/2019,A802548,Cancelled,
B739498,16/07/2019,A802549,Attending,No
B739499,16/07/2019,A802550,Attending,No
B739500,16/07/2019,A802551,Attending,Yes
B739501,16/07/2019,A802552,Attending,No
B739502,16/07/2019,A802553,Attending,Yes
B739503,16/07/2019,A802554,Attending,No
B739504,16/07/2019,A802555,Cancelled,
B739506,16/07/2019,A802557,Attending,No
B739507,16/07/2019,A802558,Attending,Yes
B739508,16/07/2019,A802559,Attending,No
B739509,16/07/2019,A802560,Attending,Yes
B739510,16/07/2019,A802561,Cancelled,Yes
B739511,16/07/2019,A802562,Cancelled,Yes
B739512,16/07/2019,A802563,Attending,No
B739513,16/07/2019,A802564,Attending,No
B739514,16/07/2019,A802565,Attending,Yes
B739515,16/07/2019,A802566,Cancelled,
B739516,16/07/2019,A802567,Attending,No
B739517,16/07/2019,A802568,Attending,Yes
B739518,16/07/2019,A802569,Attending,Yes
B739519,16/07/2019,A802570,Attending,Yes
B739520,16/07/2019,A802571,Attending,Yes
B739521,16/07/2019,A802572,Attending,No
B739522,16/07/2019,A802573,Attending,No
B739523,16/07/2019,A802574,Attending,No
B739524,16/07/2019,A802575,Attending,Yes
B739525,16/07/2019,A802576,Attending,No
B739526,16/07/2019,A802577,Attending,Yes
B739527,16/07/2019,A802578,Attending,Yes
B739528,16/07/2019,A802579,Attending,No
B739529,16/07/2019,A802580,Attending,Yes
B739530,16/07/2019,A802581,Attending,No
B739531,16/07/2019,A802582,Attending,No
B739532,16/07/2019,A802583,Attending,No
B739533,16/07/2019,A802584,Attending,No
B739534,16/07/2019,A802585,Attending,No
B739535,16/07/2019,A802586,Attending,No
B739536,16/07/2019,A802587,Attending,Yes
B739537,16/07/2019,A802588,Attending,Yes
B739538,16/07/2019,A802589,Cancelled,
B739539,16/07/2019,A802590,Attending,No
B739540,16/07/2019,A802591,Attending,Yes
B739541,16/07/2019,A802592,Attending,Yes
B739542,16/07/2019,A802593,Attending,No
B739543,16/07/2019,A802594,Attending,No
B739544,16/07/2019,A802595,Cancelled,
B739545,16/07/2019,A802596,Attending,No
B739546,16/07/2019,A802597,Attending,Yes
B739547,16/07/2019,A802598,Cancelled,
B739548,16/07/2019,A802599,Attending,No
B739549,16/07/2019,A802600,Attending,Yes
B739550,16/07/2019,A802601,Attending,No
B739551,16/07/2019,A802602,Cancelled,
B739552,16/07/2019,A802603,Attending,No
B739553,16/07/2019,A802604,Attending,No
B739554,16/07/2019,A802605,Attending,No
B739555,16/07/2019,A802606,Attending,Yes
B739556,16/07/2019,A802607,Cancelled,
B739557,16/07/2019,A802608,Attending,No
B739558,16/07/2019,A802609,Cancelled,
B739559,16/07/2019,A802610,Attending,No
B739560,16/07/2019,A802611,Attending,Yes
B739561,16/07/2019,A802612,Attending,Yes
B739562,16/07/2019,A802613,Attending,Yes
B739563,16/07/2019,A802614,Attending,Yes
B739564,16/07/2019,A802615,Attending,No
B739565,16/07/2019,A802616,Attending,Yes
B739566,16/07/2019,A802617,Attending,No
B739567,16/07/2019,A802618,Attending,No
B739568,16/07/2019,A802619,Attending,No
B739569,16/07/2019,A802620,Attending,No
B739570,16/07/2019,A802621,Attending,No
B739571,16/07/2019,A802622,Cancelled,
B739572,16/07/2019,A802623,Cancelled,
B739573,16/07/2019,A802624,Cancelled,
B739574,16/07/2019,A802625,Attending,Yes
B739575,16/07/2019,A802626,Attending,Yes
B739576,16/07/2019,A802627,Attending,Yes
B739577,16/07/2019,A802628,Cancelled,
B739578,16/07/2019,A802629,Attending,No
B739579,16/07/2019,A802630,Cancelled,
B739580,16/07/2019,A802631,Attending,No
B739581,16/07/2019,A802632,Cancelled,
B739582,16/07/2019,A802633,Attending,Yes
B739583,16/07/2019,A802634,Attending,No
B739584,16/07/2019,A802635,Attending,Yes
B739585,16/07/2019,A802636,Attending,Yes
B739586,16/07/2019,A802637,Attending,Yes
B744922,30/07/2019,A808015,Attending,No
B744925,30/07/2019,A808018,Cancelled,
B744925,30/07/2019,A808019,Cancelled,
B744925,11/11/2019,A849752,Attending,Yes
B744926,30/07/2019,A808020,Attending,Yes
B744928,30/07/2019,A808022,Attending,Yes
B744928,30/07/2019,A808023,Attending,Yes
B744929,30/07/2019,A808024,Attending,Yes
B744930,30/07/2019,A808025,Attending,Yes
B744932,30/07/2019,A808027,Attending,Yes
B744933,30/07/2019,A808028,Cancelled,
B744935,30/07/2019,A808030,Attending,Yes
B744936,30/07/2019,A808031,Attending,No
B744937,30/07/2019,A808032,Attending,No
B744939,30/07/2019,A808034,Booker not attending,
B744939,05/11/2019,A845688,Attending,Yes
B744940,30/07/2019,A808035,Cancelled,Yes
B744943,30/07/2019,A808038,Attending,No
B744943,30/07/2019,A808039,Attending,No
B744945,30/07/2019,A808041,Attending,Yes
B744947,30/07/2019,A808043,Cancelled,
B744948,30/07/2019,A808044,Attending,Yes
B744951,30/07/2019,A808048,Attending,Yes
B744951,30/07/2019,A808049,Attending,No
B744951,30/07/2019,A808050,Attending,Yes
B744951,30/07/2019,A808051,Attending,No
B744953,30/07/2019,A808053,Attending,Yes
B744973,30/07/2019,A808074,Attending,No
B744974,30/07/2019,A808075,Attending,No
B744975,30/07/2019,A808076,Attending,No
B744976,30/07/2019,A808077,Attending,Yes
B744977,30/07/2019,A808078,Attending,No
B744978,30/07/2019,A808079,Attending,No
B744979,30/07/2019,A808080,Attending,No
B744980,30/07/2019,A808081,Attending,No
B744981,30/07/2019,A808082,Attending,No
B744982,30/07/2019,A808083,Cancelled,
B744983,30/07/2019,A808084,Attending,No
B744984,30/07/2019,A808085,Attending,No
B744985,30/07/2019,A808086,Cancelled,
B744986,30/07/2019,A808087,Cancelled,
B744987,30/07/2019,A808088,Attending,No
B744988,30/07/2019,A808089,Attending,No
B744989,30/07/2019,A808090,Attending,No
B744990,30/07/2019,A808091,Attending,No
B744991,30/07/2019,A808092,Cancelled,
B744992,30/07/2019,A808093,Attending,Yes
B744993,30/07/2019,A808094,Attending,No
B744994,30/07/2019,A808095,Attending,Yes
B744995,30/07/2019,A808096,Attending,No
B744996,30/07/2019,A808097,Attending,Yes
B744997,30/07/2019,A808098,Attending,No
B744998,30/07/2019,A808099,Attending,No
B744999,30/07/2019,A808100,Attending,No
B745000,30/07/2019,A808101,Attending,No
B745001,30/07/2019,A808102,Attending,Yes
B745003,30/07/2019,A808104,Cancelled,
B745004,30/07/2019,A808105,Attending,No
B745005,30/07/2019,A808106,Attending,Yes
B745006,30/07/2019,A808107,Attending,Yes
B745007,30/07/2019,A808108,Attending,No
B745008,30/07/2019,A808109,Attending,Yes
B745010,30/07/2019,A808111,Attending,No
B745011,30/07/2019,A808112,Attending,Yes
B745012,30/07/2019,A808113,Attending,Yes
B745013,30/07/2019,A808114,Attending,Yes
B745014,30/07/2019,A808115,Attending,No
B745015,30/07/2019,A808116,Attending,No
B745016,30/07/2019,A808117,Attending,No
B745017,30/07/2019,A808118,Attending,No
B745018,30/07/2019,A808119,Cancelled,
B745019,30/07/2019,A808120,Attending,No
B745020,30/07/2019,A808121,Attending,Yes
B745021,30/07/2019,A808122,Attending,Yes
B745022,30/07/2019,A808123,Attending,No
B745023,30/07/2019,A808124,Attending,No
B745024,30/07/2019,A808125,Attending,No
B745025,30/07/2019,A808126,Attending,No
B745026,30/07/2019,A808127,Attending,Yes
B745027,30/07/2019,A808128,Attending,Yes
B745028,30/07/2019,A808129,Attending,No
B745029,30/07/2019,A808130,Attending,Yes
B745030,30/07/2019,A808131,Attending,Yes
B745031,30/07/2019,A808132,Attending,Yes
B745032,30/07/2019,A808133,Attending,No
B745033,30/07/2019,A808134,Attending,No
B745034,30/07/2019,A808135,Attending,Yes
B745035,30/07/2019,A808136,Cancelled,
B745036,30/07/2019,A808137,Attending,Yes
B745037,30/07/2019,A808138,Attending,No
B745038,30/07/2019,A808139,Attending,Yes
B745039,30/07/2019,A808140,Attending,Yes
B745040,30/07/2019,A808141,Attending,No
B745041,30/07/2019,A808142,Cancelled,
B745042,30/07/2019,A808143,Cancelled,
B745043,30/07/2019,A808144,Attending,No
B745044,30/07/2019,A808145,Attending,No
B745045,30/07/2019,A808146,Attending,No
B745046,30/07/2019,A808147,Attending,No
B745047,30/07/2019,A808148,Attending,Yes
B745048,30/07/2019,A808149,Attending,Yes
B745049,30/07/2019,A808150,Attending,No
B745050,30/07/2019,A808151,Attending,No
B745051,30/07/2019,A808152,Attending,No
B745052,30/07/2019,A808153,Cancelled,
B745053,30/07/2019,A808154,Attending,No
B745054,30/07/2019,A808155,Attending,Yes
B745055,30/07/2019,A808156,Attending,No
B745056,30/07/2019,A808157,Attending,No
B745057,30/07/2019,A808158,Attending,No
B745058,30/07/2019,A808159,Attending,Yes
B745059,30/07/2019,A808160,Attending,Yes
B745060,30/07/2019,A808161,Attending,Yes
B745061,30/07/2019,A808162,Attending,No
B745062,30/07/2019,A808163,Attending,No
B745063,30/07/2019,A808164,Attending,Yes
B745064,30/07/2019,A808165,Attending,No
B745065,30/07/2019,A808166,Attending,Yes
B745066,30/07/2019,A808167,Attending,Yes
B745067,30/07/2019,A808168,Attending,Yes
B745068,30/07/2019,A808169,Cancelled,
B745127,31/07/2019,A808228,Attending,Yes
B745127,31/07/2019,A808232,Attending,Yes
B745128,31/07/2019,A808229,Attending,Yes
B745129,31/07/2019,A808230,Attending,Yes
B745129,31/07/2019,A808231,Attending,Yes
B745130,31/07/2019,A808233,Attending,No
B745130,31/07/2019,A808234,Attending,No
B745131,31/07/2019,A808235,Attending,No
B745135,31/07/2019,A808239,Attending,Yes
B745135,31/07/2019,A808240,Attending,Yes
B745135,31/07/2019,A808241,Attending,Yes
B745135,31/07/2019,A808242,Attending,Yes
B745136,31/07/2019,A808243,Attending,No
B745139,31/07/2019,A808246,Attending,No
B745140,31/07/2019,A808247,Attending,Yes
B745143,31/07/2019,A808250,Attending,Yes
B745143,31/07/2019,A808251,Attending,Yes
B745143,31/07/2019,A808252,Attending,Yes
B745145,31/07/2019,A808254,Attending,Yes
B745391,01/08/2019,A808512,Attending,Yes
B745403,01/08/2019,A808525,Attending,No
B745496,02/08/2019,A808621,Attending,No
B745715,05/08/2019,A808842,Attending,No
B745792,05/08/2019,A808948,Cancelled,
B745796,05/08/2019,A808952,Attending,Yes
B745797,05/08/2019,A808953,Attending,Yes
B745798,05/08/2019,A808954,Attending,Yes
B745875,06/08/2019,A809033,Attending,Yes
B745876,06/08/2019,A809034,Attending,Yes
B746097,07/08/2019,A809257,Attending,Yes
B746098,07/08/2019,A809258,Attending,Yes
B746099,07/08/2019,A809259,Attending,Yes
B746238,08/08/2019,A809398,Attending,Yes
B746240,08/08/2019,A809400,Attending,Yes
B746241,08/08/2019,A809401,Attending,Yes
B746241,08/08/2019,A809402,Attending,Yes
B746273,08/08/2019,A809437,Booker not attending,Yes
B746273,08/08/2019,A809438,Attending,Yes
B746445,09/08/2019,A809620,Attending,No
B746446,09/08/2019,A809621,Attending,No
B746447,09/08/2019,A809622,Attending,Yes
B746448,09/08/2019,A809623,Attending,No
B746451,09/08/2019,A809626,Attending,Yes
B746452,09/08/2019,A809627,Attending,No
B746455,09/08/2019,A809630,Attending,Yes
B746467,09/08/2019,A809644,Cancelled,Yes
B746468,09/08/2019,A809645,Attending,Yes
B746469,09/08/2019,A809646,Attending,No
B746473,09/08/2019,A809650,Attending,Yes
B746474,09/08/2019,A809651,Attending,No
B746478,09/08/2019,A809655,Cancelled,
B746480,09/08/2019,A809657,Attending,No
B746482,09/08/2019,A809659,Attending,Yes
B746504,09/08/2019,A809681,Attending,No
B746506,09/08/2019,A809683,Cancelled,
B746507,09/08/2019,A809684,Attending,Yes
B746517,09/08/2019,A809694,Attending,No
B746767,12/08/2019,A809944,Attending,No
B746774,12/08/2019,A809951,Attending,No
B746775,12/08/2019,A809952,Attending,Yes
B746777,12/08/2019,A809954,Attending,Yes
B747266,14/08/2019,A810446,Cancelled,
B747517,15/08/2019,A810705,Attending,No
B747519,15/08/2019,A810707,Attending,No
B747522,15/08/2019,A810710,Attending,Yes
B747524,15/08/2019,A810712,Attending,No
B747664,15/08/2019,A810854,Attending,Yes
B747668,15/08/2019,A810858,Attending,No
B747864,16/08/2019,A811054,Attending,Yes
B747868,16/08/2019,A811058,Attending,Yes
B747871,16/08/2019,A811061,Attending,Yes
B747940,16/08/2019,A811134,Attending,Yes
B748341,19/08/2019,A811537,Attending,Yes
B748344,19/08/2019,A811540,Cancelled,
B748345,19/08/2019,A811541,Attending,Yes
B748719,21/08/2019,A811926,Attending,Yes
B748720,21/08/2019,A811927,Attending,Yes
B748721,21/08/2019,A811928,Attending,No
B748723,21/08/2019,A811930,Attending,Yes
B748913,22/08/2019,A812130,Attending,No
B749739,28/08/2019,A812990,Attending,Yes
B749756,28/08/2019,A813007,Attending,No
B749761,28/08/2019,A813012,Attending,Yes
B749769,28/08/2019,A813020,Attending,Yes
B749825,28/08/2019,A813076,Attending,No
B749827,28/08/2019,A813078,Attending,Yes
B749829,28/08/2019,A813080,Attending,Yes
B749833,28/08/2019,A813084,Attending,Yes
B749850,28/08/2019,A813101,Booker not attending,
B749850,07/11/2019,A846863,Attending,Yes
B749896,28/08/2019,A813147,Cancelled,
B752096,29/08/2019,A815355,Attending,Yes
B752117,29/08/2019,A815377,Attending,Yes
B752961,02/09/2019,A816238,Cancelled,
B752964,02/09/2019,A816241,Attending,No
B752965,02/09/2019,A816242,Cancelled,
B753323,03/09/2019,A816608,Attending,Yes
B753323,03/09/2019,A816609,Attending,Yes
B753395,03/09/2019,A816681,Attending,Yes
B753397,03/09/2019,A816683,Attending,Yes
B753400,03/09/2019,A816686,Attending,Yes
B753403,03/09/2019,A816689,Attending,No
B753404,03/09/2019,A816690,Attending,Yes
B753407,03/09/2019,A816693,Cancelled,
B753409,03/09/2019,A816695,Attending,Yes
B753693,04/09/2019,A816979,Attending,Yes
B753948,05/09/2019,A817240,Attending,No
B753950,05/09/2019,A817242,Attending,Yes
B753951,05/09/2019,A817243,Attending,Yes
B753952,05/09/2019,A817244,Attending,No
B753969,05/09/2019,A817262,Attending,No
B754002,05/09/2019,A817295,Attending,Yes
B754003,05/09/2019,A817296,Cancelled,
B754004,05/09/2019,A817297,Attending,Yes
B754005,05/09/2019,A817298,Attending,Yes
B754114,06/09/2019,A817407,Attending,Yes
B754115,06/09/2019,A817408,Attending,Yes
B754116,06/09/2019,A817409,Attending,Yes
B754118,06/09/2019,A817411,Attending,No
B754604,09/09/2019,A817910,Attending,No
B754623,09/09/2019,A817929,Attending,No
B754665,09/09/2019,A817971,Attending,Yes
B754799,10/09/2019,A818106,Attending,Yes
B754928,10/09/2019,A818236,Attending,Yes
B754931,10/09/2019,A818239,Attending,No
B754932,10/09/2019,A818240,Attending,Yes
B754933,10/09/2019,A818241,Attending,No
B754937,10/09/2019,A818245,Attending,No
B754949,10/09/2019,A818257,Attending,Yes
B755641,13/09/2019,A818961,Attending,Yes
B755642,13/09/2019,A818962,Attending,Yes
B755648,13/09/2019,A818968,Attending,Yes
B755650,13/09/2019,A818970,Attending,No
B755651,13/09/2019,A818971,Attending,Yes
B755655,13/09/2019,A818976,Attending,Yes
B756860,18/09/2019,A820203,Cancelled,
B756861,18/09/2019,A820204,Cancelled,
B756862,18/09/2019,A820205,Attending,No
B756864,18/09/2019,A820207,Attending,No
B756866,18/09/2019,A820209,Attending,No
B756867,18/09/2019,A820210,Attending,Yes
B756869,18/09/2019,A820212,Attending,Yes
B757277,19/09/2019,A820624,Attending,Yes
B757278,19/09/2019,A820625,Cancelled,
B757282,19/09/2019,A820629,Attending,Yes
B757284,19/09/2019,A820631,Attending,Yes
B757285,19/09/2019,A820632,Attending,Yes
B757418,20/09/2019,A820768,Attending,Yes
B757426,20/09/2019,A820777,Attending,Yes
B757426,20/09/2019,A820778,Attending,Yes
B757432,20/09/2019,A820784,Attending,Yes
B757862,23/09/2019,A821226,Attending,No
B757863,23/09/2019,A821227,Cancelled,
B757864,23/09/2019,A821228,Attending,Yes
B757865,23/09/2019,A821229,Attending,Yes
B757866,23/09/2019,A821230,Attending,Yes
B757868,23/09/2019,A821232,Attending,No
B757870,23/09/2019,A821234,Attending,Yes
B757880,23/09/2019,A821244,Attending,No
B758184,24/09/2019,A821572,Attending,Yes
B758188,24/09/2019,A821576,Attending,Yes
B758189,24/09/2019,A821577,Attending,Yes
B758190,24/09/2019,A821578,Attending,Yes
B758197,24/09/2019,A821585,Attending,Yes
B758201,24/09/2019,A821589,Attending,Yes
B758332,25/09/2019,A821723,Attending,Yes
B758400,25/09/2019,A821792,Attending,Yes
B758402,25/09/2019,A821794,Attending,No
B758420,25/09/2019,A821812,Attending,Yes
B758444,25/09/2019,A821836,Cancelled,
B758457,25/09/2019,A821849,Attending,No
B758458,25/09/2019,A821850,Cancelled,
B760625,26/09/2019,A824042,Attending,Yes
B760849,26/09/2019,A824352,Attending,No
B760851,26/09/2019,A824354,Attending,No
B760852,26/09/2019,A824355,Attending,No
B762307,27/09/2019,A825827,Attending,No
B762314,27/09/2019,A825834,Attending,Yes
B762321,27/09/2019,A825841,Attending,Yes
B762328,27/09/2019,A825848,Attending,No
B762331,27/09/2019,A825851,Attending,No
B762369,27/09/2019,A825889,Attending,Yes
B764315,30/09/2019,A827850,Attending,Yes
B764321,30/09/2019,A827856,Attending,Yes
B764322,30/09/2019,A827857,Attending,Yes
B764324,30/09/2019,A827859,Attending,No
B764327,30/09/2019,A827862,Attending,No
B764329,30/09/2019,A827864,Attending,No
B764330,30/09/2019,A827865,Attending,No
B764332,30/09/2019,A827867,Cancelled,
B764351,30/09/2019,A827887,Attending,No
B764353,30/09/2019,A827889,Attending,Yes
B764487,30/09/2019,A828029,Attending,No
B764489,30/09/2019,A828031,Attending,Yes
B764490,30/09/2019,A828032,Attending,Yes
B764498,30/09/2019,A828041,Cancelled,
B764499,30/09/2019,A828042,Attending,Yes
B764539,30/09/2019,A828082,Cancelled,
B764934,01/10/2019,A828479,Attending,Yes
B764936,01/10/2019,A828481,Attending,Yes
B765046,01/10/2019,A828593,Attending,Yes
B765048,01/10/2019,A828595,Attending,No
B765051,01/10/2019,A828598,Attending,Yes
B765052,01/10/2019,A828599,Attending,No
B765053,01/10/2019,A828600,Attending,Yes
B765057,01/10/2019,A828604,Attending,Yes
B765063,01/10/2019,A828610,Attending,No
B765114,01/10/2019,A828661,Attending,Yes
B765193,01/10/2019,A828741,Attending,Yes
B765217,01/10/2019,A828766,Attending,No
B765226,01/10/2019,A828775,Attending,No
B765228,01/10/2019,A828777,Cancelled,
B765496,02/10/2019,A829048,Attending,Yes
B765544,02/10/2019,A829096,Cancelled,
B765546,02/10/2019,A829098,Cancelled,
B765572,02/10/2019,A829128,Attending,Yes
B765657,02/10/2019,A829240,Attending,Yes
B765663,02/10/2019,A829246,Attending,Yes
B765678,02/10/2019,A829263,Attending,Yes
B765739,02/10/2019,A829325,Cancelled,Yes
B766028,03/10/2019,A829633,Attending,Yes
B766029,03/10/2019,A829634,Attending,Yes
B766031,03/10/2019,A829636,Attending,Yes
B766032,03/10/2019,A829637,Attending,Yes
B766054,03/10/2019,A829659,Booker not attending,
B766054,07/11/2019,A846905,Attending,No
B766176,03/10/2019,A829783,Attending,No
B766184,03/10/2019,A829791,Attending,No
B766188,03/10/2019,A829795,Attending,No
B766192,03/10/2019,A829800,Attending,No
B766195,03/10/2019,A829803,Attending,No
B766231,03/10/2019,A829843,Cancelled,
B766233,03/10/2019,A829845,Attending,Yes
B766550,04/10/2019,A830175,Attending,No
B766551,04/10/2019,A830176,Attending,No
B766606,04/10/2019,A830231,Attending,Yes
B766609,04/10/2019,A830234,Attending,Yes
B766611,04/10/2019,A830236,Attending,No
B766613,04/10/2019,A830238,Attending,Yes
B766615,04/10/2019,A830240,Attending,Yes
B766616,04/10/2019,A830241,Attending,Yes
B766618,04/10/2019,A830243,Attending,No
B766718,04/10/2019,A830344,Attending,Yes
B766722,04/10/2019,A830348,Attending,Yes
B766724,04/10/2019,A830350,Attending,Yes
B766741,04/10/2019,A830369,Attending,Yes
B767396,07/10/2019,A831026,Attending,Yes
B767400,07/10/2019,A831030,Attending,Yes
B767403,07/10/2019,A831033,Attending,No
B767406,07/10/2019,A831036,Attending,Yes
B767408,07/10/2019,A831038,Attending,Yes
B767414,07/10/2019,A831044,Cancelled,
B767416,07/10/2019,A831046,Attending,Yes
B767832,08/10/2019,A831481,Attending,Yes
B767849,08/10/2019,A831504,Attending,No
B767865,08/10/2019,A831523,Attending,Yes
B768296,09/10/2019,A831980,Attending,Yes
B768297,09/10/2019,A831981,Attending,Yes
B768300,09/10/2019,A831984,Attending,Yes
B768301,09/10/2019,A831985,Attending,Yes
B768303,09/10/2019,A831987,Cancelled,
B768305,09/10/2019,A831989,Attending,No
B768323,09/10/2019,A832007,Attending,No
B768324,09/10/2019,A832008,Attending,No
B768325,09/10/2019,A832009,Attending,No
B768327,09/10/2019,A832011,Cancelled,
B768328,09/10/2019,A832012,Attending,No
B768353,09/10/2019,A832037,Attending,No
B768356,09/10/2019,A832040,Attending,Yes
B768358,09/10/2019,A832042,Cancelled,
B768908,10/10/2019,A832614,Attending,Yes
B768914,10/10/2019,A832620,Attending,Yes
B768918,10/10/2019,A832624,Attending,Yes
B768921,10/10/2019,A832627,Attending,Yes
B768922,10/10/2019,A832628,Attending,No
B769502,11/10/2019,A833219,Attending,Yes
B769504,11/10/2019,A833221,Attending,No
B769506,11/10/2019,A833223,Attending,No
B769507,11/10/2019,A833224,Attending,No
B769541,11/10/2019,A833258,Attending,Yes
B769544,11/10/2019,A833261,Attending,Yes
B770436,14/10/2019,A834159,Cancelled,
B770437,14/10/2019,A834160,Attending,No
B770440,14/10/2019,A834163,Attending,No
B770441,14/10/2019,A834164,Attending,Yes
B770444,14/10/2019,A834167,Cancelled,
B770446,14/10/2019,A834169,Attending,Yes
B770451,14/10/2019,A834174,Attending,No
B770452,14/10/2019,A834175,Cancelled,
B770455,14/10/2019,A834178,Cancelled,
B770456,14/10/2019,A834179,Attending,Yes
B770459,14/10/2019,A834182,Attending,No
B770461,14/10/2019,A834184,Attending,No
B770606,14/10/2019,A834354,Attending,No
B770609,14/10/2019,A834360,Attending,No
B770930,15/10/2019,A834687,Attending,Yes
B770982,15/10/2019,A834739,Attending,Yes
B770994,15/10/2019,A834751,Attending,Yes
B770994,15/10/2019,A834752,Attending,Yes
B771065,15/10/2019,A834825,Attending,Yes
B771067,15/10/2019,A834827,Cancelled,
B771069,15/10/2019,A834829,Attending,Yes
B771073,15/10/2019,A834833,Attending,No
B771074,15/10/2019,A834834,Attending,Yes
B771076,15/10/2019,A834836,Cancelled,
B771079,15/10/2019,A834839,Booker not attending,
B771079,15/10/2019,A834840,Attending,
B771079,15/10/2019,A834841,Attending,
B771079,15/10/2019,A834842,Attending,
B771079,15/10/2019,A834843,Attending,
B771282,16/10/2019,A835046,Attending,Yes
B771285,16/10/2019,A835049,Attending,Yes
B771286,16/10/2019,A835050,Attending,Yes
B771288,16/10/2019,A835052,Attending,No
B771290,16/10/2019,A835054,Attending,No
B771369,16/10/2019,A835134,Attending,No
B771372,16/10/2019,A835137,Attending,No
B771447,16/10/2019,A835213,Attending,Yes
B771449,16/10/2019,A835215,Attending,Yes
B771450,16/10/2019,A835216,Attending,Yes
B771513,16/10/2019,A835280,Attending,Yes
B771559,16/10/2019,A835326,Attending,Yes
B771574,16/10/2019,A835341,Attending,Yes
B771876,17/10/2019,A835645,Attending,Yes
B771877,17/10/2019,A835646,Attending,Yes
B771880,17/10/2019,A835649,Attending,No
B771891,17/10/2019,A835660,Attending,Yes
B771922,17/10/2019,A835691,Attending,Yes
B772210,18/10/2019,A835980,Attending,Yes
B772210,23/10/2019,A838226,Attending,Yes
B772332,18/10/2019,A836105,Attending,Yes
B772335,18/10/2019,A836108,Attending,Yes
B772339,18/10/2019,A836112,Attending,No
B772345,18/10/2019,A836118,Attending,Yes
B773130,21/10/2019,A836909,Attending,Yes
B773133,21/10/2019,A836912,Attending,Yes
B773146,21/10/2019,A836925,Cancelled,
B773148,21/10/2019,A836927,Attending,Yes
B773150,21/10/2019,A836929,Attending,Yes
B773165,21/10/2019,A836945,Booker not attending,
B773165,21/10/2019,A836946,Attending,Yes
B773165,21/10/2019,A836947,Attending,Yes
B773165,21/10/2019,A836948,Attending,Yes
B773165,21/10/2019,A836949,Attending,Yes
B773172,21/10/2019,A836958,Attending,Yes
B773172,21/10/2019,A836959,Attending,Yes
B773172,21/10/2019,A836960,Attending,Yes
B773173,21/10/2019,A836961,Attending,Yes
B773175,21/10/2019,A836963,Attending,Yes
B773204,21/10/2019,A836992,Booker not attending,
B773204,21/10/2019,A836993,Attending,Yes
B773204,21/10/2019,A836994,Attending,Yes
B773204,21/10/2019,A836995,Attending,Yes
B773204,21/10/2019,A836996,Attending,Yes
B773204,18/11/2019,A855119,Attending,Yes
B773209,21/10/2019,A837001,Attending,Yes
B773209,21/10/2019,A837002,Attending,Yes
B773212,21/10/2019,A837005,Attending,Yes
B773212,21/10/2019,A837006,Attending,Yes
B773212,21/10/2019,A837007,Attending,Yes
B773217,21/10/2019,A837012,Attending,Yes
B773217,21/10/2019,A837013,Attending,Yes
B773297,21/10/2019,A837093,Attending,Yes
B773339,21/10/2019,A837135,Attending,Yes
B773691,22/10/2019,A837489,Attending,Yes
B773692,22/10/2019,A837490,Attending,Yes
B773696,22/10/2019,A837494,Attending,Yes
B773716,22/10/2019,A837514,Attending,Yes
B773764,22/10/2019,A837563,Attending,No
B773765,22/10/2019,A837564,Attending,Yes
B773878,22/10/2019,A837681,Attending,Yes
B773881,22/10/2019,A837684,Attending,Yes
B773900,22/10/2019,A837703,Attending,No
B773901,22/10/2019,A837704,Attending,No
B773928,22/10/2019,A837731,Attending,No
B773932,22/10/2019,A837735,Cancelled,
B773942,22/10/2019,A837745,Attending,No
B773947,22/10/2019,A837750,Attending,Yes
B773950,22/10/2019,A837753,Attending,Yes
B773952,22/10/2019,A837755,Attending,Yes
B774198,23/10/2019,A838003,Attending,Yes
B774203,23/10/2019,A838008,Attending,No
B774207,23/10/2019,A838012,Attending,Yes
B774208,23/10/2019,A838013,Attending,Yes
B774210,23/10/2019,A838015,Attending,Yes
B774212,23/10/2019,A838017,Booker not attending,
B774212,23/10/2019,A838019,Attending,Yes
B774212,08/11/2019,A847262,Attending,Yes
B774327,23/10/2019,A838135,Attending,Yes
B774328,23/10/2019,A838136,Attending,Yes
B774388,23/10/2019,A838199,Booker not attending,
B774388,23/10/2019,A838200,Attending,Yes
B774388,23/10/2019,A838201,Attending,Yes
B774389,23/10/2019,A838202,Attending,Yes
B774389,23/10/2019,A838203,Attending,Yes
B774390,23/10/2019,A838204,Attending,Yes
B774390,23/10/2019,A838205,Attending,Yes
B774390,23/10/2019,A838206,Attending,Yes
B774411,23/10/2019,A838230,Attending,Yes
B774411,23/10/2019,A838231,Attending,Yes
B774414,23/10/2019,A838234,Attending,Yes
B774414,23/10/2019,A838235,Attending,Yes
B774429,23/10/2019,A838250,Attending,Yes
B774431,23/10/2019,A838252,Attending,Yes
B776715,24/10/2019,A840537,Attending,No
B776838,24/10/2019,A840661,Attending,Yes
B776839,24/10/2019,A840662,Attending,Yes
B776840,24/10/2019,A840663,Attending,Yes
B777165,25/10/2019,A840992,Attending,Yes
B777166,25/10/2019,A840993,Attending,Yes
B777167,25/10/2019,A840994,Attending,Yes
B777230,25/10/2019,A841059,Attending,Yes
B777231,25/10/2019,A841060,Attending,Yes
B777231,25/10/2019,A841062,Attending,Yes
B777234,25/10/2019,A841064,Attending,Yes
B777234,25/10/2019,A841065,Attending,Yes
B777234,28/10/2019,A841823,Attending,Yes
B777237,25/10/2019,A841068,Attending,Yes
B777237,25/10/2019,A841069,Attending,Yes
B777237,25/10/2019,A841070,Attending,Yes
B777237,25/10/2019,A841071,Attending,Yes
B777240,25/10/2019,A841074,Booker not attending,
B777240,25/10/2019,A841075,Attending,Yes
B777240,25/10/2019,A841076,Attending,Yes
B777240,25/10/2019,A841077,Attending,Yes
B777242,25/10/2019,A841079,Attending,Yes
B777242,25/10/2019,A841080,Attending,Yes
B777244,25/10/2019,A841082,Attending,Yes
B777244,25/10/2019,A841083,Attending,Yes
B777244,25/10/2019,A841084,Attending,Yes
B777267,25/10/2019,A841107,Attending,Yes
B777267,25/10/2019,A841108,Attending,Yes
B777267,25/10/2019,A841109,Attending,Yes
B777269,25/10/2019,A841111,Attending,Yes
B777272,25/10/2019,A841114,Booker not attending,
B777272,25/10/2019,A841115,Attending,Yes
B777272,25/10/2019,A841116,Attending,Yes
B777272,25/10/2019,A841117,Attending,Yes
B777272,25/10/2019,A841118,Attending,Yes
B777272,15/11/2019,A854281,Attending,Yes
B777286,25/10/2019,A841132,Attending,Yes
B777287,25/10/2019,A841133,Attending,Yes
B777293,25/10/2019,A841139,Attending,Yes
B777293,25/10/2019,A841140,Attending,Yes
B777293,25/10/2019,A841141,Attending,Yes
B777293,25/10/2019,A841142,Attending,Yes
B777940,28/10/2019,A841798,Attending,No
B777996,28/10/2019,A841856,Attending,Yes
B777998,28/10/2019,A841858,Attending,Yes
B778038,28/10/2019,A841898,Attending,Yes
B778038,28/10/2019,A841899,Attending,Yes
B778038,28/10/2019,A841900,Attending,Yes
B778038,28/10/2019,A841901,Attending,Yes
B778041,28/10/2019,A841904,Attending,Yes
B778041,28/10/2019,A841905,Attending,Yes
B778044,28/10/2019,A841908,Attending,No
B778048,28/10/2019,A841912,Attending,Yes
B778048,28/10/2019,A841913,Attending,Yes
B778048,28/10/2019,A841914,Attending,Yes
B778048,28/10/2019,A841915,Attending,Yes
B778074,28/10/2019,A841941,Attending,Yes
B778081,28/10/2019,A841948,Attending,Yes
B778177,28/10/2019,A842055,Attending,No
B778371,29/10/2019,A842261,Attending,Yes
B778375,29/10/2019,A842266,Attending,Yes
B778391,29/10/2019,A842289,Attending,Yes
B778562,29/10/2019,A842467,Booker not attending,No
B778562,29/10/2019,A842468,Attending,Yes
B778562,29/10/2019,A842469,Attending,Yes
B778562,29/10/2019,A842470,Attending,Yes
B778568,29/10/2019,A842476,Attending,Yes
B778568,29/10/2019,A842477,Attending,Yes
B778568,29/10/2019,A842478,Attending,Yes
B778574,29/10/2019,A842484,Attending,Yes
B778574,29/10/2019,A842485,Cancelled,
B778574,29/10/2019,A842486,Attending,Yes
B778574,29/10/2019,A842487,Attending,Yes
B778574,29/10/2019,A842488,Attending,Yes
B778574,29/10/2019,A842489,Attending,Yes
B778574,29/10/2019,A842490,Attending,Yes
B778834,30/10/2019,A842753,Attending,Yes
B778888,30/10/2019,A842808,Attending,No
B778891,30/10/2019,A842811,Attending,Yes
B778893,30/10/2019,A842813,Attending,No
B778894,30/10/2019,A842814,Cancelled,
B778899,30/10/2019,A842819,Attending,Yes
B778902,30/10/2019,A842822,Attending,No
B778903,30/10/2019,A842823,Attending,No
B778907,30/10/2019,A842827,Attending,No
B778908,30/10/2019,A842828,Attending,Yes
B778913,30/10/2019,A842833,Attending,Yes
B778913,31/10/2019,A843600,Attending,Yes
B778913,05/11/2019,A845772,Attending,Yes
B778989,30/10/2019,A842910,Attending,Yes
B778991,30/10/2019,A842912,Attending,Yes
B779047,30/10/2019,A842970,Cancelled,
B779049,30/10/2019,A842972,Attending,No
B779076,30/10/2019,A842999,Cancelled,Yes
B779122,30/10/2019,A843047,Attending,No
B779610,31/10/2019,A843580,Attending,Yes
B779616,31/10/2019,A843586,Attending,Yes
B779617,31/10/2019,A843587,Attending,No
B779619,31/10/2019,A843589,Attending,Yes
B779620,31/10/2019,A843590,Attending,No
B779621,31/10/2019,A843591,Attending,No
B779622,31/10/2019,A843592,Cancelled,
B779624,31/10/2019,A843594,Attending,No
B779627,31/10/2019,A843597,Attending,No
B779652,31/10/2019,A843624,Attending,Yes
B779664,31/10/2019,A843636,Attending,Yes
B779717,31/10/2019,A843692,Attending,Yes
B779720,31/10/2019,A843695,Attending,Yes
B779789,31/10/2019,A843770,Attending,Yes
B779797,31/10/2019,A843778,Attending,Yes
B779968,01/11/2019,A843958,Attending,Yes
B780989,04/11/2019,A844992,Attending,Yes
B780992,04/11/2019,A844995,Attending,Yes
B781037,04/11/2019,A845040,Attending,No
B781071,04/11/2019,A845074,Attending,Yes
B781074,04/11/2019,A845077,Attending,Yes
B781076,04/11/2019,A845079,Attending,Yes
B781094,04/11/2019,A845098,Cancelled,
B781120,04/11/2019,A845124,Attending,No
B781125,04/11/2019,A845129,Attending,Yes
B781125,04/11/2019,A845130,Attending,Yes
B781136,04/11/2019,A845141,Attending,No
B781182,04/11/2019,A845188,Attending,Yes
B781561,05/11/2019,A845573,Attending,No
B781564,05/11/2019,A845576,Attending,No
B781757,05/11/2019,A845779,Attending,Yes
B781807,05/11/2019,A845833,Attending,Yes
B781823,05/11/2019,A845849,Attending,Yes
B781829,05/11/2019,A845855,Attending,Yes
B781833,05/11/2019,A845859,Cancelled,
B782192,06/11/2019,A846221,Attending,Yes
B782193,06/11/2019,A846222,Attending,Yes
B782197,06/11/2019,A846226,Attending,Yes
B782200,06/11/2019,A846229,Attending,Yes
B782202,06/11/2019,A846231,Attending,Yes
B782203,06/11/2019,A846232,Attending,Yes
B782204,06/11/2019,A846233,Attending,Yes
B782219,06/11/2019,A846249,Attending,Yes
B782221,06/11/2019,A846251,Attending,Yes
B782224,06/11/2019,A846254,Attending,Yes
B782227,06/11/2019,A846257,Attending,Yes
B782228,06/11/2019,A846258,Attending,Yes
B782236,06/11/2019,A846266,Attending,Yes
B782236,06/11/2019,A846267,Cancelled,
B782236,06/11/2019,A846268,Attending,Yes
B782236,06/11/2019,A846269,Attending,Yes
B782236,06/11/2019,A846270,Attending,Yes
B782236,06/11/2019,A846271,Attending,Yes
B782236,06/11/2019,A846272,Attending,Yes
B782245,06/11/2019,A846281,Attending,Yes
B782252,06/11/2019,A846288,Attending,Yes
B782256,06/11/2019,A846292,Attending,No
B782257,06/11/2019,A846293,Attending,Yes
B782261,06/11/2019,A846297,Cancelled,
B782265,06/11/2019,A846301,Attending,Yes
B782265,06/11/2019,A846302,Attending,Yes
B782275,06/11/2019,A846312,Attending,Yes
B782290,06/11/2019,A846327,Attending,Yes
B782292,06/11/2019,A846329,Attending,Yes
B782298,06/11/2019,A846336,Attending,Yes
B782343,06/11/2019,A846386,Attending,Yes
B782349,06/11/2019,A846392,Attending,Yes
B782412,06/11/2019,A846455,Attending,Yes
B782450,06/11/2019,A846493,Attending,Yes
B782450,06/11/2019,A846494,Attending,Yes
B782452,06/11/2019,A846496,Attending,Yes
B782452,06/11/2019,A846497,Attending,Yes
B782456,06/11/2019,A846502,Attending,Yes
B782456,06/11/2019,A846503,Attending,Yes
B782461,06/11/2019,A846508,Attending,Yes
B782461,06/11/2019,A846509,Attending,Yes
B782467,06/11/2019,A846515,Attending,Yes
B782467,06/11/2019,A846516,Attending,Yes
B782467,06/11/2019,A846517,Attending,Yes
B782467,12/11/2019,A851580,Attending,Yes
B782468,06/11/2019,A846518,Attending,Yes
B782468,06/11/2019,A846519,Attending,Yes
B782478,06/11/2019,A846529,Attending,Yes
B782478,06/11/2019,A846530,Attending,Yes
B782480,06/11/2019,A846532,Attending,Yes
B782480,06/11/2019,A846533,Attending,Yes
B782794,07/11/2019,A846853,Attending,Yes
B782795,07/11/2019,A846854,Attending,Yes
B782834,07/11/2019,A846894,Attending,Yes
B782834,07/11/2019,A846895,Attending,Yes
B782834,07/11/2019,A846896,Attending,Yes
B782834,07/11/2019,A846897,Attending,Yes
B782843,07/11/2019,A846907,Attending,No
B782846,07/11/2019,A846910,Attending,Yes
B782850,07/11/2019,A846914,Attending,Yes
B782902,07/11/2019,A846969,Attending,Yes
B783161,08/11/2019,A847229,Attending,Yes
B783162,08/11/2019,A847230,Attending,Yes
B783165,08/11/2019,A847233,Attending,Yes
B783171,08/11/2019,A847239,Attending,Yes
B783172,08/11/2019,A847240,Attending,Yes
B783173,08/11/2019,A847241,Attending,Yes
B783175,08/11/2019,A847243,Attending,Yes
B783177,08/11/2019,A847245,Attending,Yes
B783179,08/11/2019,A847247,Attending,Yes
B783180,08/11/2019,A847248,Attending,Yes
B783181,08/11/2019,A847249,Attending,Yes
B783182,08/11/2019,A847250,Attending,Yes
B783183,08/11/2019,A847251,Attending,Yes
B783191,08/11/2019,A847259,Attending,Yes
B783192,08/11/2019,A847260,Attending,Yes
B783221,08/11/2019,A847290,Attending,Yes
B783223,08/11/2019,A847292,Attending,Yes
B783224,08/11/2019,A847293,Attending,Yes
B783226,08/11/2019,A847295,Attending,Yes
B783229,08/11/2019,A847298,Attending,Yes
B783238,08/11/2019,A847307,Attending,Yes
B783241,08/11/2019,A847310,Attending,Yes
B783242,08/11/2019,A847311,Attending,Yes
B783243,08/11/2019,A847312,Attending,Yes
B783249,08/11/2019,A847318,Attending,Yes
B783249,08/11/2019,A847319,Attending,Yes
B783249,08/11/2019,A847320,Attending,Yes
B783249,08/11/2019,A847321,Attending,Yes
B783257,08/11/2019,A847329,Attending,Yes
B783257,08/11/2019,A847330,Attending,Yes
B783257,08/11/2019,A847331,Attending,Yes
B783267,08/11/2019,A847342,Attending,Yes
B783267,08/11/2019,A847343,Attending,Yes
B783267,08/11/2019,A847344,Attending,Yes
B783267,08/11/2019,A847345,Attending,Yes
B783267,08/11/2019,A847346,Attending,Yes
B783288,08/11/2019,A847370,Attending,Yes
B783288,08/11/2019,A847371,Attending,Yes
B783288,08/11/2019,A847372,Attending,Yes
B783288,08/11/2019,A847373,Cancelled,
B783288,08/11/2019,A847380,Attending,Yes
B783361,08/11/2019,A847447,Attending,Yes
B783369,08/11/2019,A847457,Attending,Yes
B783369,08/11/2019,A847458,Attending,Yes
B783369,08/11/2019,A847459,Attending,Yes
B783369,08/11/2019,A847460,Attending,Yes
B783377,08/11/2019,A847468,Attending,Yes
B783382,08/11/2019,A847473,Attending,Yes
B783386,08/11/2019,A847477,Attending,Yes
B784877,11/11/2019,A848971,Attending,Yes
B784880,11/11/2019,A848974,Attending,Yes
B784880,11/11/2019,A848975,Attending,Yes
B784880,11/11/2019,A848976,Attending,Yes
B784880,11/11/2019,A848977,Attending,Yes
B784880,11/11/2019,A848978,Attending,Yes
B784888,11/11/2019,A848986,Attending,Yes
B784894,11/11/2019,A848992,Attending,No
B784963,11/11/2019,A849066,Attending,Yes
B784983,11/11/2019,A849086,Attending,Yes
B784988,11/11/2019,A849091,Attending,Yes
B784992,11/11/2019,A849095,Attending,Yes
B785005,11/11/2019,A849109,Attending,Yes
B785007,11/11/2019,A849111,Attending,Yes
B785009,11/11/2019,A849113,Attending,Yes
B785017,11/11/2019,A849121,Attending,Yes
B785053,11/11/2019,A849157,Attending,Yes
B787000,12/11/2019,A851108,Attending,Yes
B787000,12/11/2019,A851109,Attending,Yes
B787003,12/11/2019,A851112,Attending,Yes
B787159,12/11/2019,A851270,Attending,Yes
B787178,12/11/2019,A851290,Attending,Yes
B787213,12/11/2019,A851325,Attending,Yes
B787226,12/11/2019,A851338,Attending,Yes
B787226,12/11/2019,A851339,Attending,Yes
B787226,12/11/2019,A851340,Attending,Yes
B787226,12/11/2019,A851341,Attending,Yes
B787226,12/11/2019,A851342,Attending,Yes
B787233,12/11/2019,A851349,Attending,No
B787352,12/11/2019,A851468,Attending,Yes
B787365,12/11/2019,A851481,Attending,Yes
B787441,12/11/2019,A851557,Attending,Yes
B787441,12/11/2019,A851558,Attending,Yes
B787441,12/11/2019,A851559,Attending,Yes
B787453,12/11/2019,A851571,Attending,Yes
B787453,12/11/2019,A851572,Attending,Yes
B787453,12/11/2019,A851573,Attending,Yes
B787453,12/11/2019,A851574,Attending,Yes
B787458,12/11/2019,A851579,Attending,Yes
B787462,12/11/2019,A851584,Attending,Yes
B787466,12/11/2019,A851588,Attending,Yes
B787466,12/11/2019,A851589,Attending,Yes
B787471,12/11/2019,A851594,Attending,Yes
B787471,12/11/2019,A851595,Attending,Yes
B787471,15/11/2019,A854250,Attending,Yes
B787478,12/11/2019,A851602,Attending,Yes
B787478,12/11/2019,A851603,Attending,Yes
B787478,12/11/2019,A851604,Attending,Yes
B787491,12/11/2019,A851617,Attending,Yes
B787491,12/11/2019,A851618,Attending,Yes
B787491,12/11/2019,A851619,Attending,Yes
B787491,12/11/2019,A851620,Attending,Yes
B787491,12/11/2019,A851621,Attending,Yes
B787491,12/11/2019,A851622,Attending,Yes
B787491,12/11/2019,A851623,Attending,Yes
B787503,12/11/2019,A851635,Attending,Yes
B787503,12/11/2019,A851636,Attending,Yes
B787503,12/11/2019,A851637,Attending,Yes
B787503,12/11/2019,A851638,Attending,Yes
B787503,12/11/2019,A851639,Attending,Yes
B787507,12/11/2019,A851643,Attending,Yes
B787510,12/11/2019,A851646,Attending,Yes
B787510,12/11/2019,A851647,Attending,Yes
B787510,12/11/2019,A851648,Attending,Yes
B787518,12/11/2019,A851656,Attending,Yes
B787518,12/11/2019,A851657,Attending,Yes
B787518,12/11/2019,A851658,Attending,Yes
B787518,12/11/2019,A851659,Attending,Yes
B787527,12/11/2019,A851668,Attending,Yes
B787527,12/11/2019,A851669,Attending,Yes
B787527,12/11/2019,A851670,Attending,Yes
B787527,12/11/2019,A851671,Attending,Yes
B787527,12/11/2019,A851672,Attending,Yes
B787527,12/11/2019,A851673,Attending,Yes
B787527,12/11/2019,A851674,Attending,Yes
B787527,12/11/2019,A851675,Attending,Yes
B787528,12/11/2019,A851676,Cancelled,
B787528,12/11/2019,A851677,Attending,Yes
B787528,12/11/2019,A851678,Attending,Yes
B787528,12/11/2019,A851679,Attending,Yes
B787528,12/11/2019,A851680,Attending,Yes
B787528,12/11/2019,A851681,Attending,Yes
B787528,12/11/2019,A851682,Cancelled,
B787528,12/11/2019,A851683,Attending,Yes
B787528,12/11/2019,A851684,Attending,Yes
B787528,12/11/2019,A851685,Attending,Yes
B787528,12/11/2019,A851686,Attending,Yes
B787528,12/11/2019,A851687,Attending,Yes
B787528,12/11/2019,A851688,Attending,Yes
B787528,12/11/2019,A851689,Attending,Yes
B787528,12/11/2019,A851690,Attending,Yes
B787528,13/11/2019,A852574,Attending,Yes
B787530,12/11/2019,A851692,Attending,Yes
B787531,12/11/2019,A851693,Attending,Yes
B787537,12/11/2019,A851699,Booker not attending,
B787569,12/11/2019,A851731,Attending,Yes
B787569,12/11/2019,A851732,Attending,Yes
B787569,12/11/2019,A851733,Attending,Yes
B787569,15/11/2019,A854253,Attending,Yes
B788167,13/11/2019,A852339,Attending,Yes
B788170,13/11/2019,A852343,Attending,Yes
B788176,13/11/2019,A852349,Attending,Yes
B788181,13/11/2019,A852354,Attending,Yes
B788186,13/11/2019,A852359,Attending,Yes
B788194,13/11/2019,A852367,Attending,Yes
B788194,13/11/2019,A852368,Attending,Yes
B788194,13/11/2019,A852369,Attending,Yes
B788197,13/11/2019,A852372,Attending,Yes
B788198,13/11/2019,A852373,Attending,Yes
B788198,13/11/2019,A852374,Attending,Yes
B788200,13/11/2019,A852376,Attending,Yes
B788200,13/11/2019,A852377,Attending,Yes
B788201,13/11/2019,A852378,Attending,Yes
B788201,13/11/2019,A852379,Attending,Yes
B788205,13/11/2019,A852383,Attending,Yes
B788205,13/11/2019,A852384,Attending,Yes
B788206,13/11/2019,A852385,Attending,Yes
B788206,13/11/2019,A852386,Attending,Yes
B788208,13/11/2019,A852388,Attending,Yes
B788208,13/11/2019,A852389,Attending,Yes
B788211,13/11/2019,A852393,Attending,Yes
B788211,13/11/2019,A852394,Attending,Yes
B788213,13/11/2019,A852396,Attending,Yes
B788213,13/11/2019,A852397,Cancelled,
B788213,13/11/2019,A852398,Attending,Yes
B788213,13/11/2019,A852399,Attending,Yes
B788213,13/11/2019,A852400,Attending,Yes
B788214,13/11/2019,A852401,Attending,Yes
B788214,13/11/2019,A852402,Attending,Yes
B788217,13/11/2019,A852405,Attending,Yes
B788217,13/11/2019,A852408,Attending,Yes
B788218,13/11/2019,A852406,Attending,Yes
B788219,13/11/2019,A852407,Attending,Yes
B788222,13/11/2019,A852411,Attending,Yes
B788222,13/11/2019,A852412,Attending,Yes
B788225,13/11/2019,A852416,Attending,Yes
B788225,13/11/2019,A852417,Attending,Yes
B788228,13/11/2019,A852420,Attending,Yes
B788228,13/11/2019,A852421,Attending,Yes
B788228,13/11/2019,A852422,Attending,Yes
B788229,13/11/2019,A852423,Attending,Yes
B788229,13/11/2019,A852424,Attending,Yes
B788229,13/11/2019,A852425,Attending,Yes
B788229,13/11/2019,A852426,Cancelled,
B788229,14/11/2019,A853222,Attending,Yes
B788232,13/11/2019,A852429,Attending,Yes
B788235,13/11/2019,A852432,Attending,Yes
B788236,13/11/2019,A852433,Attending,Yes
B788236,13/11/2019,A852434,Attending,Yes
B788236,13/11/2019,A852435,Attending,Yes
B788243,13/11/2019,A852442,Attending,Yes
B788243,13/11/2019,A852443,Attending,Yes
B788243,13/11/2019,A852444,Attending,Yes
B788243,13/11/2019,A852445,Attending,Yes
B788253,13/11/2019,A852455,Attending,Yes
B788253,13/11/2019,A852456,Attending,Yes
B788256,13/11/2019,A852459,Attending,Yes
B788256,13/11/2019,A852460,Attending,Yes
B788262,13/11/2019,A852466,Attending,Yes
B788262,13/11/2019,A852467,Attending,Yes
B788262,13/11/2019,A852468,Attending,Yes
B788262,13/11/2019,A852469,Attending,Yes
B788265,13/11/2019,A852472,Attending,Yes
B788265,13/11/2019,A852473,Attending,Yes
B788266,13/11/2019,A852474,Attending,Yes
B788266,13/11/2019,A852475,Attending,Yes
B788269,13/11/2019,A852478,Attending,Yes
B788270,13/11/2019,A852479,Attending,Yes
B788279,13/11/2019,A852488,Attending,Yes
B788279,13/11/2019,A852489,Attending,Yes
B788284,13/11/2019,A852494,Attending,Yes
B788284,13/11/2019,A852495,Attending,Yes
B788284,13/11/2019,A852496,Attending,Yes
B788289,13/11/2019,A852502,Attending,Yes
B788289,13/11/2019,A852503,Attending,Yes
B788334,13/11/2019,A852548,Attending,Yes
B788343,13/11/2019,A852557,Attending,Yes
B788343,13/11/2019,A852558,Attending,Yes
B788343,13/11/2019,A852559,Attending,Yes
B788354,13/11/2019,A852577,Attending,Yes
B788364,13/11/2019,A852587,Attending,Yes
B788364,13/11/2019,A852588,Attending,Yes
B788364,13/11/2019,A852589,Attending,Yes
B788364,13/11/2019,A852590,Attending,Yes
B788449,13/11/2019,A852675,Attending,Yes
B788449,13/11/2019,A852676,Attending,Yes
B788478,13/11/2019,A852707,Attending,Yes
B788516,13/11/2019,A852746,Attending,Yes
B788976,14/11/2019,A853213,Attending,Yes
B788976,14/11/2019,A853214,Attending,Yes
B788990,14/11/2019,A853230,Attending,Yes
B788995,14/11/2019,A853235,Attending,Yes
B788996,14/11/2019,A853236,Attending,Yes
B788996,14/11/2019,A853237,Attending,Yes
B788996,14/11/2019,A853238,Attending,Yes
B789006,14/11/2019,A853248,Attending,Yes
B789006,14/11/2019,A853249,Attending,Yes
B789006,14/11/2019,A853250,Attending,Yes
B789006,14/11/2019,A853251,Attending,Yes
B789014,14/11/2019,A853259,Attending,Yes
B789014,14/11/2019,A853260,Attending,Yes
B789017,14/11/2019,A853263,Attending,Yes
B789021,14/11/2019,A853267,Attending,No
B789045,14/11/2019,A853291,Attending,Yes
B789105,14/11/2019,A853351,Attending,Yes
B789109,14/11/2019,A853355,Attending,Yes
B789149,14/11/2019,A853395,Attending,Yes
B789202,14/11/2019,A853448,Attending,Yes
B789230,14/11/2019,A853476,Attending,Yes
B789915,15/11/2019,A854165,Attending,Yes
B789943,15/11/2019,A854193,Attending,Yes
B789945,15/11/2019,A854195,Attending,Yes
B789946,15/11/2019,A854196,Attending,Yes
B789946,15/11/2019,A854197,Attending,Yes
B789946,15/11/2019,A854198,Attending,Yes
B789952,15/11/2019,A854204,Attending,Yes
B789954,15/11/2019,A854207,Attending,Yes
B789957,15/11/2019,A854210,Attending,Yes
B789978,15/11/2019,A854231,Attending,Yes
B789978,15/11/2019,A854235,Attending,Yes
B789978,15/11/2019,A854236,Attending,Yes
B789978,15/11/2019,A854237,Attending,Yes
B789980,15/11/2019,A854233,Attending,Yes
B789991,15/11/2019,A854247,Attending,Yes
B789997,15/11/2019,A854255,Attending,Yes
B789997,15/11/2019,A854256,Attending,Yes
B789997,15/11/2019,A854257,Attending,Yes
B789997,15/11/2019,A854258,Attending,Yes
B790022,15/11/2019,A854284,Attending,Yes
B790033,15/11/2019,A854295,Attending,Yes
B790034,15/11/2019,A854296,Attending,Yes
B790036,15/11/2019,A854298,Attending,Yes
B790038,15/11/2019,A854300,Attending,Yes
B790043,15/11/2019,A854305,Attending,No
B790049,15/11/2019,A854311,Attending,Yes
B790049,15/11/2019,A854312,Attending,Yes
B790051,15/11/2019,A854314,Attending,Yes
B790051,15/11/2019,A854315,Attending,Yes
B790052,15/11/2019,A854316,Attending,Yes
B790059,15/11/2019,A854323,Attending,Yes
B790059,15/11/2019,A854324,Attending,Yes
B790059,15/11/2019,A854325,Attending,Yes
B790060,15/11/2019,A854326,Attending,Yes
B790091,15/11/2019,A854357,Attending,Yes
B790092,15/11/2019,A854358,Attending,Yes
B790109,15/11/2019,A854375,Attending,Yes
B790133,15/11/2019,A854399,Attending,Yes
B790133,15/11/2019,A854400,Attending,Yes
B790133,15/11/2019,A854401,Attending,Yes
B790138,15/11/2019,A854406,Attending,No
B790162,15/11/2019,A854430,Attending,No
B790718,18/11/2019,A854987,Attending,Yes
B790719,18/11/2019,A854988,Attending,Yes
B790724,18/11/2019,A854993,Attending,Yes
B790730,18/11/2019,A854999,Attending,Yes
B790737,18/11/2019,A855006,Attending,Yes
B790737,18/11/2019,A855007,Attending,Yes
B790754,18/11/2019,A855024,Attending,Yes
B790768,18/11/2019,A855038,Attending,Yes
B790804,18/11/2019,A855075,Attending,Yes
B790807,18/11/2019,A855078,Attending,Yes
B790814,18/11/2019,A855085,Attending,Yes
B790842,18/11/2019,A855114,Attending,Yes
B790866,18/11/2019,A855139,Attending,Yes
B790867,18/11/2019,A855140,Attending,Yes
B790882,18/11/2019,A855155,Attending,Yes
B790892,18/11/2019,A855166,Attending,Yes
B790897,18/11/2019,A855171,Attending,Yes
B790901,18/11/2019,A855175,Attending,Yes
B790904,18/11/2019,A855178,Attending,Yes
B790910,18/11/2019,A855184,Attending,Yes
B790917,18/11/2019,A855191,Attending,Yes
B790924,18/11/2019,A855198,Attending,Yes
B790924,18/11/2019,A855199,Attending,Yes
B790938,18/11/2019,A855213,Attending,Yes
B790945,18/11/2019,A855220,Attending,Yes
B790946,18/11/2019,A855221,Attending,Yes
B790952,18/11/2019,A855227,Attending,Yes
B790964,18/11/2019,A855239,Attending,Yes
B791081,18/11/2019,A855357,Attending,Yes
B791091,18/11/2019,A855367,Attending,Yes
B791091,18/11/2019,A855368,Attending,Yes
B791091,18/11/2019,A855369,Attending,Yes
B791091,18/11/2019,A855370,Attending,Yes
B791091,18/11/2019,A855371,Attending,Yes
B791091,18/11/2019,A855372,Attending,Yes
B791091,18/11/2019,A855373,Attending,Yes
B791091,18/11/2019,A855376,Attending,Yes
B791097,18/11/2019,A855380,Attending,Yes
B791097,18/11/2019,A855381,Attending,Yes
B791099,18/11/2019,A855383,Attending,Yes
B791101,18/11/2019,A855385,Attending,Yes
B791103,18/11/2019,A855387,Attending,Yes
B791104,18/11/2019,A855388,Attending,Yes
B791104,18/11/2019,A855389,Attending,Yes
