NP21,,,,
BookingReference,Created Date,Reference,Attendee Status,Attended
B871340,02/09/2020,A939143,Attending,Yes
B872513,10/09/2020,A940319,Attending,No
B872514,10/09/2020,A940320,Attending,Yes
B872515,10/09/2020,A940321,Attending,Yes
B872516,10/09/2020,A940322,Attending,
B872517,10/09/2020,A940323,Attending,Yes
B872518,10/09/2020,A940324,Attending,No
B872519,10/09/2020,A940325,Attending,No
B872520,10/09/2020,A940326,Attending,
B872522,10/09/2020,A940328,Attending,Yes
B872523,10/09/2020,A940329,Attending,Yes
B872524,10/09/2020,A940330,Attending,Yes
B872528,10/09/2020,A940334,Attending,No
B872532,10/09/2020,A940338,Attending,
B872534,10/09/2020,A940340,Attending,Yes
B872537,10/09/2020,A940343,Attending,Yes
B872538,10/09/2020,A940344,Attending,Yes
B872542,10/09/2020,A940348,Attending,
B872543,10/09/2020,A940349,Attending,Yes
B872552,10/09/2020,A940358,Attending,Yes
B872553,10/09/2020,A940359,Attending,
B872554,10/09/2020,A940360,Attending,Yes
B872558,10/09/2020,A940364,Attending,
B872559,10/09/2020,A940365,Attending,Yes
B872560,10/09/2020,A940366,Attending,Yes
B872561,10/09/2020,A940367,Attending,Yes
B872563,10/09/2020,A940369,Attending,
B872565,10/09/2020,A940371,Attending,
B872566,10/09/2020,A940372,Attending,
B872568,10/09/2020,A940374,Attending,
B872569,10/09/2020,A940375,Attending,
B872571,10/09/2020,A940377,Attending,Yes
B872572,10/09/2020,A940378,Attending,Yes
B872573,10/09/2020,A940379,Attending,Yes
B872574,10/09/2020,A940380,Attending,Yes
B872575,10/09/2020,A940381,Attending,
B872578,10/09/2020,A940384,Attending,
B872580,10/09/2020,A940386,Attending,Yes
B872582,10/09/2020,A940388,Attending,Yes
B872584,10/09/2020,A940390,Attending,Yes
B872586,10/09/2020,A940392,Attending,
B872588,10/09/2020,A940394,Attending,
B872589,10/09/2020,A940395,Attending,
B872601,10/09/2020,A940407,Attending,No
B872604,10/09/2020,A940410,Attending,Yes
B872620,10/09/2020,A940426,Attending,Yes
B872622,10/09/2020,A940428,Attending,Yes
B872624,10/09/2020,A940430,Attending,
B872626,10/09/2020,A940432,Attending,
B872633,10/09/2020,A940439,Attending,
B872638,10/09/2020,A940444,Attending,Yes
B872640,10/09/2020,A940446,Attending,
B872652,10/09/2020,A940458,Attending,Yes
B872666,10/09/2020,A940472,Attending,
B872677,11/09/2020,A940483,Attending,Yes
B872684,11/09/2020,A940490,Attending,
B872687,11/09/2020,A940493,Attending,Yes
B872689,11/09/2020,A940495,Attending,Yes
B872691,11/09/2020,A940497,Attending,
B872722,11/09/2020,A940528,Attending,Yes
B872739,11/09/2020,A940545,Attending,
B872744,11/09/2020,A940550,Attending,
B872755,11/09/2020,A940561,Attending,Yes
B872759,11/09/2020,A940565,Attending,
B872770,11/09/2020,A940576,Attending,Yes
B872814,11/09/2020,A940620,Attending,
B872824,12/09/2020,A940630,Attending,Yes
B872930,14/09/2020,A940736,Attending,Yes
B872954,14/09/2020,A940760,Attending,Yes
B872960,14/09/2020,A940766,Attending,Yes
B872986,14/09/2020,A940792,Attending,Yes
B872993,14/09/2020,A940799,Attending,No
B873008,14/09/2020,A940814,Attending,No
B873342,15/09/2020,A941148,Attending,
B873367,15/09/2020,A941173,Attending,Yes
B873439,16/09/2020,A941245,Attending,
B873641,16/09/2020,A941447,Attending,
B873707,16/09/2020,A941513,Attending,Yes
B873740,16/09/2020,A941546,Attending,Yes
B873819,16/09/2020,A941626,Attending,Yes
B873850,16/09/2020,A941656,Attending,Yes
B874003,17/09/2020,A941809,Attending,
B874005,17/09/2020,A941811,Attending,No
B874006,17/09/2020,A941812,Attending,Yes
B874007,17/09/2020,A941813,Attending,Yes
B874009,17/09/2020,A941815,Attending,Yes
B874011,17/09/2020,A941817,Attending,
B874013,17/09/2020,A941819,Attending,Yes
B874014,17/09/2020,A941820,Attending,
B874015,17/09/2020,A941821,Attending,Yes
B874016,17/09/2020,A941822,Attending,Yes
B874017,17/09/2020,A941823,Attending,Yes
B874023,17/09/2020,A941829,Attending,No
B874026,17/09/2020,A941832,Attending,
B874028,17/09/2020,A941834,Attending,Yes
B874030,17/09/2020,A941836,Attending,
B874033,17/09/2020,A941839,Attending,
B874036,17/09/2020,A941842,Attending,Yes
B874037,17/09/2020,A941843,Attending,
B874038,17/09/2020,A941844,Attending,Yes
B874040,17/09/2020,A941846,Attending,Yes
B874049,17/09/2020,A941855,Attending,
B874050,17/09/2020,A941856,Attending,Yes
B874066,17/09/2020,A941872,Attending,
B874067,17/09/2020,A941873,Attending,Yes
B874085,17/09/2020,A941891,Attending,
B874092,17/09/2020,A941898,Attending,Yes
B874094,17/09/2020,A941900,Attending,Yes
B874103,17/09/2020,A941909,Attending,No
B874120,17/09/2020,A941926,Attending,Yes
B874187,17/09/2020,A941993,Attending,Yes
B874194,17/09/2020,A942000,Attending,
B874226,17/09/2020,A942032,Attending,
B874260,17/09/2020,A942066,Attending,Yes
B874338,17/09/2020,A942144,Attending,Yes
B874363,18/09/2020,A942169,Attending,Yes
B874507,18/09/2020,A942313,Attending,Yes
B874533,18/09/2020,A942339,Attending,Yes
B874838,20/09/2020,A942644,Attending,
B874906,21/09/2020,A942712,Attending,
B874908,21/09/2020,A942714,Attending,
B875022,21/09/2020,A942830,Attending,
B875033,21/09/2020,A942841,Attending,Yes
B875034,21/09/2020,A942842,Attending,Yes
B875036,21/09/2020,A942844,Attending,Yes
B875059,21/09/2020,A942867,Attending,
B875281,21/09/2020,A943089,Attending,No
B875455,22/09/2020,A943263,Attending,Yes
B875599,22/09/2020,A943407,Attending,
B875900,22/09/2020,A943708,Attending,No
B875994,22/09/2020,A943802,Attending,Yes
B877042,24/09/2020,A944851,Attending,Yes
B877723,25/09/2020,A945532,Attending,Yes
B877743,25/09/2020,A945552,Attending,Yes
B879753,28/09/2020,A947563,Attending,
B885598,07/10/2020,A953415,Attending,Yes
B888409,12/10/2020,A956231,Attending,Yes
B890190,14/10/2020,A958017,Attending,Yes
B895064,24/10/2020,A962905,Attending,
B899209,03/11/2020,A967054,Attending,Yes
B900226,05/11/2020,A968071,Attending,Yes
B904441,13/11/2020,A972290,Attending,Yes
B908719,23/11/2020,A976570,Attending,Yes
B909827,25/11/2020,A977680,Attending,Yes
B909850,25/11/2020,A977703,Attending,
B943905,18/02/2021,A1011852,Attending,Yes
B945714,22/02/2021,A1013671,Attending,Yes
B947617,24/02/2021,A1015587,Attending,Yes
B963001,25/03/2021,A1031092,Attending,Yes
B967801,12/04/2021,A1035909,Attending,
B975386,27/04/2021,A1043519,Attending,Yes
B978756,06/05/2021,A1046899,Attending,Yes
B978756,06/05/2021,A1046900,Attending,Yes
B981021,12/05/2021,A1049207,Attending,Yes
B981032,12/05/2021,A1049218,Attending,Yes
B983534,18/05/2021,A1051720,Attending,Yes
B983545,18/05/2021,A1051731,Attending,Yes
B983546,18/05/2021,A1051732,Attending,Yes
B983554,18/05/2021,A1051740,Attending,Yes
B983588,18/05/2021,A1051775,Attending,No
B992376,14/06/2021,A1060583,Attending,Yes
B997565,12/07/2021,A1065790,Attending,Yes
B997796,14/07/2021,A1066035,Attending,Yes
B997797,14/07/2021,A1066036,Attending,Yes
B998036,16/07/2021,A1066278,Attending,Yes
B998055,16/07/2021,A1066303,Attending,No
B998309,21/07/2021,A1066574,Attending,Yes
B998979,03/08/2021,A1067250,Attending,
B999139,06/08/2021,A1067413,Attending,Yes
B999412,11/08/2021,A1067690,Attending,
B999417,11/08/2021,A1067695,Attending,Yes
B999419,11/08/2021,A1067697,Attending,Yes
B999420,11/08/2021,A1067698,Attending,Yes
B999421,11/08/2021,A1067699,Attending,Yes
B999423,11/08/2021,A1067701,Attending,Yes
B999425,11/08/2021,A1067703,Attending,Yes
B999427,11/08/2021,A1067705,Attending,Yes
B999432,11/08/2021,A1067710,Attending,Yes
B999433,11/08/2021,A1067711,Attending,Yes
B999434,11/08/2021,A1067712,Attending,Yes
B999436,11/08/2021,A1067714,Attending,Yes
B999437,11/08/2021,A1067715,Attending,Yes
B999438,11/08/2021,A1067716,Attending,Yes
B999439,11/08/2021,A1067717,Attending,
B999440,11/08/2021,A1067718,Attending,
B999441,11/08/2021,A1067719,Attending,Yes
B999442,11/08/2021,A1067720,Attending,Yes
B999447,11/08/2021,A1067725,Attending,
B999448,11/08/2021,A1067726,Attending,Yes
B999452,11/08/2021,A1067730,Attending,Yes
B999455,11/08/2021,A1067733,Attending,No
B999462,11/08/2021,A1067740,Attending,Yes
B999465,11/08/2021,A1067743,Attending,
B999479,12/08/2021,A1067757,Attending,Yes
B999516,12/08/2021,A1067795,Attending,
B999545,12/08/2021,A1067824,Attending,No
B999548,12/08/2021,A1067827,Attending,Yes
B999551,12/08/2021,A1067830,Attending,Yes
B999680,16/08/2021,A1067959,Attending,Yes
B999727,16/08/2021,A1068007,Attending,Yes
B999765,17/08/2021,A1068045,Attending,
B999872,18/08/2021,A1068152,Attending,Yes
B999944,19/08/2021,A1068224,Attending,
B999953,19/08/2021,A1068233,Attending,Yes
B1000391,25/08/2021,A1068675,Attending,Yes
B1000394,25/08/2021,A1068678,Attending,
B1000776,31/08/2021,A1069068,Attending,No
B1000797,31/08/2021,A1069089,Attending,
B1000939,01/09/2021,A1069231,Attending,Yes
B1001095,02/09/2021,A1069387,Attending,Yes
B1001098,02/09/2021,A1069390,Attending,Yes
B1001116,02/09/2021,A1069408,Attending,Yes
B1001117,02/09/2021,A1069409,Attending,Yes
B1001346,03/09/2021,A1069644,Attending,Yes
B1001722,06/09/2021,A1070027,Attending,Yes
B1001772,07/09/2021,A1070077,Attending,
B1005313,24/09/2021,A1073641,Attending,Yes
B1005316,24/09/2021,A1073644,Attending,Yes
B1005430,24/09/2021,A1073758,Attending,Yes
B1005439,24/09/2021,A1073767,Attending,No
B1005445,24/09/2021,A1073773,Attending,Yes
B1005448,24/09/2021,A1073776,Attending,Yes
B1005450,24/09/2021,A1073778,Attending,Yes
B1005453,24/09/2021,A1073781,Attending,Yes
B1006358,27/09/2021,A1074686,Attending,Yes
B1006359,27/09/2021,A1074687,Attending,No
B1006368,27/09/2021,A1074696,Attending,Yes
B1006373,27/09/2021,A1074701,Attending,Yes
B1006419,27/09/2021,A1074747,Attending,
B1006431,27/09/2021,A1074759,Attending,
B1006437,27/09/2021,A1074765,Attending,Yes
B1006445,27/09/2021,A1074773,Attending,Yes
B1006453,27/09/2021,A1074781,Attending,
B1006472,27/09/2021,A1074800,Attending,
B1006774,28/09/2021,A1075102,Attending,Yes
B1006778,28/09/2021,A1075106,Attending,Yes
B1006817,28/09/2021,A1075145,Attending,
B1006835,28/09/2021,A1075163,Attending,Yes
B1006875,28/09/2021,A1075203,Attending,Yes
B1006891,28/09/2021,A1075219,Attending,
B1006897,28/09/2021,A1075225,Attending,Yes
B1006978,28/09/2021,A1075306,Attending,Yes
B1007147,28/09/2021,A1075475,Attending,Yes
B1007453,29/09/2021,A1075781,Attending,Yes
B1007469,29/09/2021,A1075797,Attending,Yes
B1007652,29/09/2021,A1075980,Attending,No
B1007897,30/09/2021,A1076225,Attending,Yes
B1007914,30/09/2021,A1076243,Attending,Yes
B1007928,30/09/2021,A1076257,Attending,Yes
B1007933,30/09/2021,A1076262,Attending,Yes
B1008236,30/09/2021,A1076565,Attending,Yes
B1008258,30/09/2021,A1076587,Attending,
B1008394,30/09/2021,A1076723,Attending,Yes
B1008591,01/10/2021,A1076921,Attending,Yes
B1008593,01/10/2021,A1076923,Attending,
B1009734,04/10/2021,A1078066,Attending,Yes
B1009756,04/10/2021,A1078087,Attending,Yes
B1009819,04/10/2021,A1078150,Attending,Yes
B1009897,04/10/2021,A1078228,Attending,
B1011731,05/10/2021,A1080062,Attending,Yes
B1011761,05/10/2021,A1080092,Attending,Yes
B1013141,06/10/2021,A1081472,Attending,
B1013400,07/10/2021,A1081731,Attending,Yes
B1014180,08/10/2021,A1082512,Attending,No
B1014193,08/10/2021,A1082525,Attending,Yes
B1014195,08/10/2021,A1082527,Attending,Yes
B1014198,08/10/2021,A1082530,Attending,Yes
B1014200,08/10/2021,A1082532,Attending,Yes
B1014216,08/10/2021,A1082548,Attending,Yes
B1015007,11/10/2021,A1083339,Attending,Yes
B1015172,11/10/2021,A1083505,Attending,Yes
B1015424,11/10/2021,A1083757,Attending,Yes
B1015437,11/10/2021,A1083770,Attending,Yes
B1015438,11/10/2021,A1083771,Attending,Yes
B1015754,12/10/2021,A1084087,Attending,Yes
B1017434,14/10/2021,A1085769,Attending,Yes
B1017435,14/10/2021,A1085770,Attending,Yes
B1017951,15/10/2021,A1086289,Attending,Yes
B1018082,15/10/2021,A1086420,Attending,No
B1018824,18/10/2021,A1087162,Attending,Yes
B1019030,18/10/2021,A1087370,Attending,
B1019072,18/10/2021,A1087412,Attending,Yes
B1019074,18/10/2021,A1087414,Attending,Yes
B1019667,19/10/2021,A1088007,Attending,Yes
B1019679,19/10/2021,A1088019,Attending,Yes
B1019689,19/10/2021,A1088029,Attending,Yes
B1019713,19/10/2021,A1088053,Attending,Yes
B1019719,19/10/2021,A1088059,Attending,
B1019751,19/10/2021,A1088091,Attending,
B1019951,19/10/2021,A1088291,Attending,No
B1020008,19/10/2021,A1088348,Attending,Yes
B1020026,19/10/2021,A1088366,Attending,Yes
B1020280,20/10/2021,A1088620,Attending,Yes
B1020305,20/10/2021,A1088645,Attending,Yes
B1020306,20/10/2021,A1088646,Attending,Yes
B1020319,20/10/2021,A1088659,Attending,Yes
B1020339,20/10/2021,A1088679,Attending,Yes
B1020506,20/10/2021,A1088846,Attending,Yes
B1020995,21/10/2021,A1089335,Attending,Yes
B1021030,21/10/2021,A1089370,Attending,Yes
B1021303,21/10/2021,A1089643,Attending,Yes
B1021436,22/10/2021,A1089776,Attending,Yes
B1021459,22/10/2021,A1089799,Attending,No
B1021461,22/10/2021,A1089801,Attending,No
B1021462,22/10/2021,A1089802,Attending,No
B1021473,22/10/2021,A1089813,Attending,Yes
B1021532,22/10/2021,A1089872,Attending,Yes
B1021732,22/10/2021,A1090076,Attending,
B1022032,23/10/2021,A1090376,Attending,
B1022367,25/10/2021,A1090711,Attending,Yes
B1022368,25/10/2021,A1090712,Attending,Yes
B1022369,25/10/2021,A1090713,Attending,
B1022571,25/10/2021,A1090926,Attending,Yes
B1023076,26/10/2021,A1091434,Attending,
B1023128,26/10/2021,A1091486,Attending,No
B1023177,26/10/2021,A1091538,Attending,Yes
B1023180,26/10/2021,A1091541,Attending,Yes
B1023335,26/10/2021,A1091696,Attending,Yes
B1023384,26/10/2021,A1091745,Attending,
B1023662,27/10/2021,A1092023,Attending,
B1023679,27/10/2021,A1092040,Attending,Yes
B1023681,27/10/2021,A1092042,Attending,Yes
B1023684,27/10/2021,A1092045,Attending,Yes
B1023688,27/10/2021,A1092049,Attending,Yes
B1023689,27/10/2021,A1092050,Attending,Yes
B1023703,27/10/2021,A1092064,Attending,Yes
B1023820,27/10/2021,A1092181,Attending,Yes
B1024084,27/10/2021,A1092445,Attending,No
B1024275,28/10/2021,A1092636,Attending,Yes
B1024325,28/10/2021,A1092686,Attending,Yes
B1024330,28/10/2021,A1092691,Attending,Yes
B1024730,29/10/2021,A1093091,Attending,Yes
B1024733,29/10/2021,A1093094,Attending,Yes
B1024735,29/10/2021,A1093096,Attending,Yes
B1024742,29/10/2021,A1093103,Attending,Yes
B1024749,29/10/2021,A1093110,Attending,Yes
B1024765,29/10/2021,A1093126,Attending,Yes
B1024789,29/10/2021,A1093150,Attending,
B1024797,29/10/2021,A1093158,Attending,Yes
B1024836,29/10/2021,A1093197,Attending,Yes
B1024904,29/10/2021,A1093265,Attending,Yes
B1025418,01/11/2021,A1093779,Attending,
B1025422,01/11/2021,A1093783,Attending,Yes
B1025453,01/11/2021,A1093814,Attending,Yes
B1025538,01/11/2021,A1093899,Attending,
B1025539,01/11/2021,A1093900,Attending,Yes
B1025599,01/11/2021,A1093960,Attending,Yes
B1025610,01/11/2021,A1093971,Attending,Yes
B1025699,01/11/2021,A1094060,Attending,Yes
B1025704,01/11/2021,A1094065,Attending,Yes
B1025723,01/11/2021,A1094084,Attending,Yes
B1025724,01/11/2021,A1094085,Attending,Yes
B1025784,01/11/2021,A1094145,Attending,Yes
B1025812,01/11/2021,A1094173,Attending,
B1025983,01/11/2021,A1094344,Attending,Yes
B1026155,02/11/2021,A1094516,Attending,Yes
B1026157,02/11/2021,A1094518,Attending,Yes
B1026163,02/11/2021,A1094524,Attending,Yes
B1026165,02/11/2021,A1094526,Attending,Yes
B1026184,02/11/2021,A1094545,Attending,Yes
B1026303,02/11/2021,A1094664,Attending,Yes
B1026346,02/11/2021,A1094709,Attending,Yes
B1026348,02/11/2021,A1094711,Attending,Yes
B1026517,02/11/2021,A1094881,Attending,Yes
B1026617,03/11/2021,A1094981,Attending,Yes
B1026645,03/11/2021,A1095009,Attending,Yes
B1026666,03/11/2021,A1095030,Attending,
B1026667,03/11/2021,A1095031,Attending,Yes
B1026714,03/11/2021,A1095083,Attending,Yes
B1026898,03/11/2021,A1095273,Attending,Yes
B1026906,03/11/2021,A1095281,Attending,Yes
B1026965,03/11/2021,A1095345,Attending,Yes
B1027196,04/11/2021,A1095607,Attending,
B1027201,04/11/2021,A1095613,Attending,Yes
B1027229,04/11/2021,A1095644,Attending,Yes
B1027332,04/11/2021,A1095758,Attending,Yes
B1027467,04/11/2021,A1095903,Attending,Yes
B1027713,04/11/2021,A1096174,Attending,Yes
B1028014,05/11/2021,A1096482,Attending,Yes
B1028110,05/11/2021,A1096582,Attending,Yes
B1028145,05/11/2021,A1096617,Attending,Yes
B1028172,05/11/2021,A1096644,Attending,Yes
B1028298,05/11/2021,A1096773,Attending,Yes
B1028299,05/11/2021,A1096774,Attending,Yes
B1028301,05/11/2021,A1096776,Attending,Yes
B1028302,05/11/2021,A1096777,Attending,Yes
B1028353,05/11/2021,A1096828,Attending,Yes
B1028865,08/11/2021,A1097370,Attending,Yes
B1028870,08/11/2021,A1097375,Attending,Yes
B1028874,08/11/2021,A1097379,Attending,Yes
B1028883,08/11/2021,A1097388,Attending,Yes
B1028955,08/11/2021,A1097466,Attending,Yes
B1029009,08/11/2021,A1097522,Attending,Yes
B1029163,08/11/2021,A1097681,Attending,Yes
B1029479,09/11/2021,A1098012,Attending,
B1030070,10/11/2021,A1098631,Attending,Yes
B1030072,10/11/2021,A1098633,Attending,Yes
B1030078,10/11/2021,A1098639,Attending,Yes
B1030791,11/11/2021,A1099374,Attending,
B1035146,25/11/2021,A1103852,Attending,
B1035335,25/11/2021,A1104042,Attending,
