SRM23,,,,
BookingReference,Created Date,Reference,Attendee Status,Attended
B1148813,30/01/2023,A1221895,Attending,Yes
B1155189,17/02/2023,A1228340,Attending,Yes
B1157743,24/02/2023,A1230927,Attending,
B1157849,24/02/2023,A1231033,Attending,Yes
B1157874,24/02/2023,A1231061,Attending,Yes
B1158326,27/02/2023,A1231522,Attending,Yes
B1158329,27/02/2023,A1231525,Attending,No
B1158331,27/02/2023,A1231527,Attending,Yes
B1158333,27/02/2023,A1231529,Attending,Yes
B1158335,27/02/2023,A1231531,Attending,Yes
B1158336,27/02/2023,A1231532,Attending,Yes
B1158338,27/02/2023,A1231534,Cancelled,
B1158342,27/02/2023,A1231538,Attending,
B1158343,27/02/2023,A1231539,Attending,Yes
B1158345,27/02/2023,A1231541,Attending,Yes
B1158346,27/02/2023,A1231542,Attending,Yes
B1158350,27/02/2023,A1231546,Attending,No
B1158352,27/02/2023,A1231548,Attending,Yes
B1158354,27/02/2023,A1231550,Attending,Yes
B1158356,27/02/2023,A1231552,Attending,Yes
B1158358,27/02/2023,A1231554,Attending,Yes
B1158359,27/02/2023,A1231555,Attending,
B1158362,27/02/2023,A1231558,Attending,Yes
B1158364,27/02/2023,A1231560,Attending,Yes
B1158365,27/02/2023,A1231561,Attending,Yes
B1158368,27/02/2023,A1231564,Cancelled,
B1158371,27/02/2023,A1231567,Attending,Yes
B1158372,27/02/2023,A1231568,Attending,Yes
B1158430,27/02/2023,A1231626,Attending,Yes
B1158447,27/02/2023,A1231643,Attending,Yes
B1158450,27/02/2023,A1231646,Attending,Yes
B1158469,27/02/2023,A1231665,Attending,
B1158543,27/02/2023,A1231749,Attending,Yes
B1158547,27/02/2023,A1231755,Attending,Yes
B1158589,27/02/2023,A1231797,Attending,Yes
B1158971,28/02/2023,A1232181,Cancelled,
B1159150,28/02/2023,A1232360,Cancelled,
B1159151,28/02/2023,A1232361,Attending,Yes
B1159597,01/03/2023,A1232809,Attending,
B1160403,02/03/2023,A1233637,Attending,
B1160406,02/03/2023,A1233640,Attending,Yes
B1160407,02/03/2023,A1233641,Cancelled,
B1160462,02/03/2023,A1233698,Attending,
B1160463,02/03/2023,A1233699,Attending,No
B1160465,02/03/2023,A1233701,Attending,Yes
B1160466,02/03/2023,A1233702,Attending,
B1160467,02/03/2023,A1233703,Attending,No
B1160468,02/03/2023,A1233704,Attending,Yes
B1160469,02/03/2023,A1233705,Attending,Yes
B1160470,02/03/2023,A1233706,Attending,
B1160471,02/03/2023,A1233707,Attending,Yes
B1160472,02/03/2023,A1233708,Attending,Yes
B1160474,02/03/2023,A1233710,Attending,Yes
B1160475,02/03/2023,A1233711,Attending,
B1160476,02/03/2023,A1233712,Attending,No
B1160477,02/03/2023,A1233713,Attending,
B1160478,02/03/2023,A1233714,Attending,
B1160479,02/03/2023,A1233715,Attending,Yes
B1160480,02/03/2023,A1233716,Attending,
B1160481,02/03/2023,A1233717,Attending,Yes
B1160482,02/03/2023,A1233718,Attending,Yes
B1160485,02/03/2023,A1233721,Attending,
B1160486,02/03/2023,A1233722,Attending,
B1160488,02/03/2023,A1233725,Attending,
B1160489,02/03/2023,A1233726,Attending,Yes
B1160490,02/03/2023,A1233727,Attending,Yes
B1160492,02/03/2023,A1233729,Attending,No
B1160495,02/03/2023,A1233732,Attending,Yes
B1160497,02/03/2023,A1233734,Attending,No
B1160502,02/03/2023,A1233739,Attending,Yes
B1160507,02/03/2023,A1233744,Attending,Yes
B1160508,02/03/2023,A1233745,Attending,No
B1160509,02/03/2023,A1233746,Attending,No
B1160511,02/03/2023,A1233748,Attending,No
B1160512,02/03/2023,A1233749,Attending,
B1160513,02/03/2023,A1233750,Attending,Yes
B1160514,02/03/2023,A1233751,Attending,Yes
B1160522,02/03/2023,A1233759,Attending,
B1160523,02/03/2023,A1233760,Attending,
B1160527,02/03/2023,A1233764,Cancelled,
B1160528,02/03/2023,A1233765,Attending,Yes
B1160530,02/03/2023,A1233767,Attending,
B1160531,02/03/2023,A1233768,Attending,
B1160533,02/03/2023,A1233770,Attending,Yes
B1160535,02/03/2023,A1233772,Attending,Yes
B1160537,02/03/2023,A1233774,Attending,Yes
B1160540,02/03/2023,A1233777,Attending,
B1160545,02/03/2023,A1233783,Attending,Yes
B1160548,02/03/2023,A1233786,Attending,Yes
B1160549,02/03/2023,A1233787,Attending,No
B1160551,02/03/2023,A1233789,Attending,Yes
B1160552,02/03/2023,A1233790,Attending,Yes
B1160560,02/03/2023,A1233798,Attending,No
B1160563,02/03/2023,A1233801,Attending,Yes
B1160565,02/03/2023,A1233803,Attending,Yes
B1160569,02/03/2023,A1233807,Attending,Yes
B1160571,02/03/2023,A1233809,Attending,No
B1160574,02/03/2023,A1233812,Attending,Yes
B1160583,02/03/2023,A1233821,Attending,Yes
B1160584,02/03/2023,A1233822,Cancelled,
B1160587,02/03/2023,A1233825,Attending,
B1160591,02/03/2023,A1233829,Attending,Yes
B1160594,02/03/2023,A1233832,Attending,Yes
B1160599,02/03/2023,A1233838,Attending,
B1160601,02/03/2023,A1233840,Attending,
B1160603,02/03/2023,A1233842,Attending,
B1160607,02/03/2023,A1233846,Attending,Yes
B1160608,02/03/2023,A1233847,Attending,
B1160612,02/03/2023,A1233851,Attending,No
B1160618,02/03/2023,A1233857,Cancelled,
B1160620,02/03/2023,A1233859,Attending,No
B1160624,02/03/2023,A1233863,Attending,
B1160630,02/03/2023,A1233869,Attending,
B1160640,02/03/2023,A1233879,Attending,Yes
B1160644,02/03/2023,A1233883,Attending,
B1160654,02/03/2023,A1233893,Attending,Yes
B1160662,02/03/2023,A1233901,Attending,
B1160664,02/03/2023,A1233903,Attending,Yes
B1160665,02/03/2023,A1233904,Attending,
B1160667,02/03/2023,A1233906,Attending,
B1160678,02/03/2023,A1233917,Attending,Yes
B1160705,02/03/2023,A1233944,Attending,Yes
B1160756,02/03/2023,A1233996,Attending,
B1160758,02/03/2023,A1233998,Attending,Yes
B1160761,02/03/2023,A1234001,Attending,No
B1160763,02/03/2023,A1234003,Attending,Yes
B1160766,02/03/2023,A1234006,Attending,Yes
B1160769,02/03/2023,A1234010,Attending,No
B1160828,02/03/2023,A1234069,Attending,Yes
B1160860,02/03/2023,A1234101,Attending,
B1160887,02/03/2023,A1234129,Attending,Yes
B1161008,03/03/2023,A1234253,Attending,
B1161009,03/03/2023,A1234254,Attending,Yes
B1161010,03/03/2023,A1234255,Attending,Yes
B1161012,03/03/2023,A1234257,Attending,Yes
B1161013,03/03/2023,A1234258,Attending,No
B1161014,03/03/2023,A1234259,Attending,No
B1161015,03/03/2023,A1234260,Attending,No
B1161020,03/03/2023,A1234265,Attending,
B1161024,03/03/2023,A1234269,Attending,
B1161029,03/03/2023,A1234274,Attending,
B1161030,03/03/2023,A1234275,Attending,Yes
B1161033,03/03/2023,A1234278,Attending,Yes
B1161035,03/03/2023,A1234280,Attending,
B1161040,03/03/2023,A1234285,Attending,No
B1161049,03/03/2023,A1234294,Attending,Yes
B1161051,03/03/2023,A1234296,Cancelled,
B1161056,03/03/2023,A1234301,Attending,Yes
B1161058,03/03/2023,A1234303,Attending,
B1161072,03/03/2023,A1234317,Attending,
B1161083,03/03/2023,A1234328,Attending,
B1161084,03/03/2023,A1234329,Cancelled,
B1161085,03/03/2023,A1234330,Attending,No
B1161095,03/03/2023,A1234340,Attending,
B1161113,03/03/2023,A1234358,Attending,No
B1161192,03/03/2023,A1234438,Attending,
B1161200,03/03/2023,A1234446,Attending,
B1161208,03/03/2023,A1234454,Attending,Yes
B1161209,03/03/2023,A1234455,Attending,
B1161224,03/03/2023,A1234470,Attending,Yes
B1161241,03/03/2023,A1234487,Attending,Yes
B1161362,03/03/2023,A1234614,Attending,
B1161409,03/03/2023,A1234661,Attending,
B1161475,03/03/2023,A1234727,Attending,
B1161709,04/03/2023,A1234964,Attending,
B1161715,04/03/2023,A1234970,Attending,
B1161886,05/03/2023,A1235141,Attending,
B1161918,05/03/2023,A1235173,Attending,No
B1161951,06/03/2023,A1235206,Attending,
B1161978,06/03/2023,A1235233,Attending,Yes
B1161989,06/03/2023,A1235244,Attending,
B1162024,06/03/2023,A1235279,Attending,Yes
B1162027,06/03/2023,A1235282,Attending,
B1162030,06/03/2023,A1235285,Attending,
B1162126,06/03/2023,A1235382,Attending,
B1162149,06/03/2023,A1235407,Attending,
B1162210,06/03/2023,A1235468,Attending,Yes
B1162221,06/03/2023,A1235479,Attending,Yes
B1162222,06/03/2023,A1235480,Attending,Yes
B1162224,06/03/2023,A1235482,Attending,Yes
B1162267,06/03/2023,A1235525,Attending,
B1162354,06/03/2023,A1235614,Attending,
B1162458,06/03/2023,A1235718,Attending,
B1162538,07/03/2023,A1235798,Attending,No
B1162574,07/03/2023,A1235834,Attending,Yes
B1162576,07/03/2023,A1235836,Attending,No
B1162581,07/03/2023,A1235841,Attending,Yes
B1162583,07/03/2023,A1235843,Attending,Yes
B1162584,07/03/2023,A1235844,Attending,Yes
B1162586,07/03/2023,A1235846,Attending,Yes
B1162593,07/03/2023,A1235853,Attending,Yes
B1162596,07/03/2023,A1235856,Attending,
B1162598,07/03/2023,A1235858,Attending,Yes
B1162599,07/03/2023,A1235859,Attending,
B1162600,07/03/2023,A1235860,Attending,
B1162604,07/03/2023,A1235864,Attending,Yes
B1162606,07/03/2023,A1235866,Attending,
B1162607,07/03/2023,A1235867,Attending,Yes
B1162608,07/03/2023,A1235868,Attending,
B1162615,07/03/2023,A1235875,Attending,No
B1162621,07/03/2023,A1235881,Attending,Yes
B1162626,07/03/2023,A1235886,Attending,
B1162628,07/03/2023,A1235888,Attending,
B1162633,07/03/2023,A1235893,Attending,Yes
B1162735,07/03/2023,A1236001,Attending,
B1162751,07/03/2023,A1236017,Attending,Yes
B1162753,07/03/2023,A1236019,Attending,Yes
B1162804,07/03/2023,A1236070,Attending,Yes
B1162828,07/03/2023,A1236094,Attending,Yes
B1162958,08/03/2023,A1236224,Attending,
B1162987,08/03/2023,A1236253,Attending,Yes
B1162989,08/03/2023,A1236255,Attending,Yes
B1162995,08/03/2023,A1236261,Attending,
B1163203,08/03/2023,A1236469,Attending,Yes
B1163205,08/03/2023,A1236471,Attending,Yes
B1163370,09/03/2023,A1236638,Attending,Yes
B1163397,09/03/2023,A1236665,Attending,Yes
B1163454,09/03/2023,A1236722,Attending,Yes
B1163459,09/03/2023,A1236727,Attending,No
B1163460,09/03/2023,A1236728,Attending,
B1163573,09/03/2023,A1236841,Attending,Yes
B1163637,09/03/2023,A1236905,Attending,Yes
B1163689,09/03/2023,A1236957,Attending,
B1163717,09/03/2023,A1236985,Attending,Yes
B1163875,10/03/2023,A1237144,Attending,
B1163910,10/03/2023,A1237179,Attending,
B1163922,10/03/2023,A1237191,Attending,Yes
B1164011,10/03/2023,A1237281,Attending,
B1164077,11/03/2023,A1237348,Attending,Yes
B1164079,11/03/2023,A1237350,Attending,
B1164169,12/03/2023,A1237440,Attending,
B1164238,12/03/2023,A1237510,Attending,
B1164241,12/03/2023,A1237513,Attending,No
B1164431,13/03/2023,A1237705,Attending,
B1164439,13/03/2023,A1237713,Attending,Yes
B1164442,13/03/2023,A1237716,Attending,Yes
B1164692,14/03/2023,A1237967,Attending,
B1164694,14/03/2023,A1237969,Attending,Yes
B1164714,14/03/2023,A1237989,Attending,Yes
B1164723,14/03/2023,A1237998,Attending,Yes
B1164744,14/03/2023,A1238019,Attending,
B1164919,15/03/2023,A1238196,Attending,Yes
B1164967,15/03/2023,A1238246,Attending,Yes
B1165013,15/03/2023,A1238293,Attending,Yes
B1165091,15/03/2023,A1238371,Attending,
B1165270,16/03/2023,A1238551,Attending,Yes
B1165280,16/03/2023,A1238561,Attending,Yes
B1165283,16/03/2023,A1238564,Attending,Yes
B1165369,16/03/2023,A1238650,Attending,
B1165437,16/03/2023,A1238718,Attending,
B1165537,17/03/2023,A1238818,Attending,Yes
B1165889,19/03/2023,A1239172,Attending,
B1165933,20/03/2023,A1239216,Attending,Yes
B1166016,20/03/2023,A1239300,Attending,No
B1166072,20/03/2023,A1239356,Attending,No
B1166238,20/03/2023,A1239523,Attending,Yes
B1166361,21/03/2023,A1239653,Attending,Yes
B1166452,21/03/2023,A1239744,Attending,Yes
B1166455,21/03/2023,A1239747,Attending,Yes
B1167194,24/03/2023,A1240492,Attending,Yes
B1167224,24/03/2023,A1240522,Attending,Yes
B1167315,24/03/2023,A1240613,Attending,Yes
B1167714,27/03/2023,A1241014,Attending,Yes
B1167731,27/03/2023,A1241031,Attending,Yes
B1167939,28/03/2023,A1241240,Cancelled,
B1168511,30/03/2023,A1241825,Attending,Yes
B1168539,30/03/2023,A1241853,Attending,
B1168556,31/03/2023,A1241870,Attending,No
B1168653,31/03/2023,A1241971,Attending,No
B1168660,31/03/2023,A1241978,Attending,
B1169101,03/04/2023,A1242424,Attending,No
B1169113,03/04/2023,A1242436,Attending,Yes
B1169114,03/04/2023,A1242437,Attending,Yes
B1169200,04/04/2023,A1242525,Attending,
B1169544,05/04/2023,A1242871,Attending,Yes
B1170338,12/04/2023,A1243666,Attending,
B1170341,12/04/2023,A1243669,Cancelled,
B1170503,13/04/2023,A1243831,Attending,Yes
B1170574,13/04/2023,A1243902,Attending,Yes
B1171080,15/04/2023,A1244410,Attending,Yes
B1171677,18/04/2023,A1245017,Attending,Yes
B1172461,20/04/2023,A1245806,Attending,Yes
B1172463,20/04/2023,A1245808,Attending,Yes
B1172480,20/04/2023,A1245825,Attending,No
B1172491,20/04/2023,A1245836,Attending,Yes
B1172536,20/04/2023,A1245881,Attending,Yes
B1172557,21/04/2023,A1245902,Attending,
B1172587,21/04/2023,A1245932,Attending,
B1172604,21/04/2023,A1245949,Attending,
B1172674,21/04/2023,A1246019,Attending,Yes
B1172752,21/04/2023,A1246098,Attending,Yes
B1173057,22/04/2023,A1246405,Attending,
B1173261,24/04/2023,A1246610,Attending,
B1173298,24/04/2023,A1246647,Attending,
B1173417,24/04/2023,A1246766,Attending,
B1173431,24/04/2023,A1246780,Attending,Yes
B1173450,24/04/2023,A1246799,Attending,Yes
B1173594,24/04/2023,A1246943,Attending,
B1173825,25/04/2023,A1247174,Attending,No
B1174210,26/04/2023,A1247562,Attending,Yes
B1174389,26/04/2023,A1247742,Attending,Yes
B1174405,26/04/2023,A1247758,Attending,
B1174474,26/04/2023,A1247827,Attending,Yes
B1176341,02/05/2023,A1249711,Attending,Yes
B1176342,02/05/2023,A1249712,Attending,Yes
B1176343,02/05/2023,A1249713,Attending,Yes
B1176346,02/05/2023,A1249716,Attending,Yes
B1176347,02/05/2023,A1249717,Attending,Yes
B1176350,02/05/2023,A1249720,Attending,Yes
B1176353,02/05/2023,A1249723,Attending,Yes
B1176370,02/05/2023,A1249740,Attending,Yes
B1176371,02/05/2023,A1249741,Attending,Yes
B1176372,02/05/2023,A1249742,Attending,Yes
B1176373,02/05/2023,A1249743,Attending,Yes
B1176375,02/05/2023,A1249745,Attending,Yes
B1177197,03/05/2023,A1250578,Attending,
B1177208,03/05/2023,A1250591,Attending,
B1177217,03/05/2023,A1250600,Attending,
B1177243,03/05/2023,A1250626,Attending,
B1177372,04/05/2023,A1250756,Attending,
B1177384,04/05/2023,A1250768,Attending,Yes
B1177385,04/05/2023,A1250769,Attending,Yes
B1177386,04/05/2023,A1250770,Attending,No
B1177421,04/05/2023,A1250805,Attending,Yes
B1177439,04/05/2023,A1250826,Attending,Yes
B1177469,04/05/2023,A1250856,Attending,
B1178027,07/05/2023,A1251416,Attending,
B1178444,09/05/2023,A1251837,Attending,Yes
B1178448,09/05/2023,A1251841,Attending,
B1178470,09/05/2023,A1251863,Attending,Yes
B1178474,09/05/2023,A1251867,Attending,Yes
B1178617,09/05/2023,A1252010,Attending,Yes
B1178648,09/05/2023,A1252042,Attending,No
B1178694,09/05/2023,A1252088,Attending,No
B1179683,12/05/2023,A1253111,Attending,
B1179756,12/05/2023,A1253184,Attending,Yes
B1179766,12/05/2023,A1253194,Attending,Yes
B1179799,12/05/2023,A1253227,Attending,Yes
B1179800,12/05/2023,A1253228,Attending,Yes
B1179801,12/05/2023,A1253229,Attending,Yes
B1179802,12/05/2023,A1253230,Attending,Yes
B1179803,12/05/2023,A1253231,Attending,Yes
B1179804,12/05/2023,A1253232,Attending,Yes
B1179806,12/05/2023,A1253234,Attending,Yes
B1179807,12/05/2023,A1253235,Attending,Yes
B1180201,15/05/2023,A1253630,Attending,Yes
B1180202,15/05/2023,A1253631,Attending,Yes
B1180284,15/05/2023,A1253713,Attending,Yes
B1180285,15/05/2023,A1253714,Attending,Yes
B1180286,15/05/2023,A1253715,Attending,No
B1180288,15/05/2023,A1253717,Attending,Yes
B1180290,15/05/2023,A1253719,Attending,Yes
B1180293,15/05/2023,A1253722,Attending,Yes
B1180294,15/05/2023,A1253723,Attending,Yes
B1180390,15/05/2023,A1253819,Attending,No
B1180424,15/05/2023,A1253853,Attending,Yes
B1180506,15/05/2023,A1253937,Attending,Yes
B1180532,15/05/2023,A1253963,Attending,Yes
B1180533,15/05/2023,A1253964,Attending,
B1180601,16/05/2023,A1254032,Attending,Yes
B1180603,16/05/2023,A1254034,Attending,
B1180642,16/05/2023,A1254073,Attending,
B1180703,16/05/2023,A1254134,Attending,
B1180714,16/05/2023,A1254146,Attending,
B1180731,16/05/2023,A1254163,Attending,No
B1180754,16/05/2023,A1254186,Attending,
B1180758,16/05/2023,A1254190,Attending,
B1180785,16/05/2023,A1254218,Attending,No
B1180805,16/05/2023,A1254238,Attending,
B1181108,17/05/2023,A1254544,Attending,Yes
B1181109,17/05/2023,A1254545,Attending,Yes
B1181112,17/05/2023,A1254548,Attending,
B1181115,17/05/2023,A1254551,Attending,Yes
B1181127,17/05/2023,A1254563,Attending,
B1181143,17/05/2023,A1254580,Attending,Yes
B1181162,17/05/2023,A1254599,Attending,
B1181165,17/05/2023,A1254602,Attending,Yes
B1181178,17/05/2023,A1254615,Attending,
B1181190,17/05/2023,A1254627,Attending,
B1181204,17/05/2023,A1254641,Attending,
B1181226,17/05/2023,A1254663,Attending,
B1181260,17/05/2023,A1254697,Attending,
B1181302,17/05/2023,A1254739,Attending,Yes
B1181313,17/05/2023,A1254750,Attending,No
B1181358,17/05/2023,A1254795,Attending,
B1181375,17/05/2023,A1254812,Attending,Yes
B1181381,17/05/2023,A1254819,Attending,
B1181390,17/05/2023,A1254828,Attending,Yes
B1181411,18/05/2023,A1254849,Attending,
B1181412,18/05/2023,A1254850,Attending,
B1181414,18/05/2023,A1254852,Attending,
B1181419,18/05/2023,A1254857,Attending,Yes
B1181429,18/05/2023,A1254867,Attending,Yes
B1181434,18/05/2023,A1254872,Attending,
B1181444,18/05/2023,A1254882,Attending,
B1181454,18/05/2023,A1254892,Attending,
B1181468,18/05/2023,A1254906,Attending,Yes
B1181470,18/05/2023,A1254908,Attending,
B1181472,18/05/2023,A1254910,Attending,Yes
B1181474,18/05/2023,A1254912,Attending,
B1181476,18/05/2023,A1254914,Attending,Yes
B1181478,18/05/2023,A1254916,Attending,
B1181486,18/05/2023,A1254924,Attending,
B1181497,18/05/2023,A1254942,Attending,
B1181502,18/05/2023,A1254947,Attending,
B1181506,18/05/2023,A1254951,Attending,Yes
B1181510,18/05/2023,A1254955,Attending,
B1181521,18/05/2023,A1254966,Attending,Yes
B1181535,18/05/2023,A1254980,Attending,Yes
B1181540,18/05/2023,A1254985,Attending,
B1181589,18/05/2023,A1255034,Attending,No
B1181592,18/05/2023,A1255037,Attending,
B1181593,18/05/2023,A1255038,Attending,
B1181689,19/05/2023,A1255134,Attending,
B1181697,19/05/2023,A1255142,Attending,
B1181705,19/05/2023,A1255150,Attending,
B1181709,19/05/2023,A1255154,Attending,Yes
B1181710,19/05/2023,A1255155,Attending,
B1181719,19/05/2023,A1255164,Attending,
B1181720,19/05/2023,A1255165,Attending,
B1181733,19/05/2023,A1255178,Attending,Yes
B1181744,19/05/2023,A1255189,Attending,
B1181773,19/05/2023,A1255218,Attending,
B1181829,19/05/2023,A1255274,Attending,Yes
B1181962,20/05/2023,A1255407,Attending,
B1181984,20/05/2023,A1255429,Attending,
B1182077,21/05/2023,A1255522,Attending,
B1182112,21/05/2023,A1255557,Attending,
B1182150,21/05/2023,A1255595,Attending,
B1182201,22/05/2023,A1255646,Attending,
B1182219,22/05/2023,A1255664,Attending,
B1182240,22/05/2023,A1255685,Attending,
B1182242,22/05/2023,A1255687,Attending,
B1182244,22/05/2023,A1255689,Attending,Yes
B1182246,22/05/2023,A1255691,Attending,
B1182251,22/05/2023,A1255696,Attending,
B1182254,22/05/2023,A1255699,Attending,
B1182296,22/05/2023,A1255743,Attending,
B1182316,22/05/2023,A1255763,Attending,
B1182332,22/05/2023,A1255779,Attending,
B1182346,22/05/2023,A1255794,Attending,Yes
B1182350,22/05/2023,A1255797,Attending,Yes
B1182358,22/05/2023,A1255805,Attending,Yes
B1182453,22/05/2023,A1255900,Attending,
B1182459,22/05/2023,A1255906,Attending,
B1182463,22/05/2023,A1255910,Attending,
B1182530,22/05/2023,A1255977,Attending,Yes
B1182719,23/05/2023,A1256167,Attending,Yes
B1182722,23/05/2023,A1256170,Attending,Yes
B1182724,23/05/2023,A1256172,Attending,Yes
B1182798,23/05/2023,A1256246,Attending,Yes
B1182798,23/05/2023,A1256247,Attending,Yes
B1182822,23/05/2023,A1256271,Attending,Yes
B1182854,23/05/2023,A1256303,Attending,
B1182858,23/05/2023,A1256307,Attending,
B1182859,23/05/2023,A1256308,Attending,
B1182860,23/05/2023,A1256309,Attending,
B1182861,23/05/2023,A1256310,Attending,Yes
B1182862,23/05/2023,A1256311,Attending,
B1182864,23/05/2023,A1256313,Attending,
B1182865,23/05/2023,A1256314,Attending,
B1182866,23/05/2023,A1256315,Attending,
B1182867,23/05/2023,A1256316,Attending,
B1182868,23/05/2023,A1256317,Attending,
B1182869,23/05/2023,A1256318,Attending,
B1182871,23/05/2023,A1256320,Attending,
B1182872,23/05/2023,A1256321,Attending,
B1182873,23/05/2023,A1256322,Attending,
B1182875,23/05/2023,A1256324,Attending,
B1182882,23/05/2023,A1256331,Attending,
B1182885,23/05/2023,A1256334,Attending,
B1182886,23/05/2023,A1256335,Attending,
B1182890,23/05/2023,A1256339,Attending,
B1182894,23/05/2023,A1256343,Attending,
B1182895,23/05/2023,A1256344,Attending,
B1182896,23/05/2023,A1256345,Attending,Yes
B1182896,23/05/2023,A1256350,Attending,Yes
B1182897,23/05/2023,A1256346,Attending,
B1182898,23/05/2023,A1256347,Attending,
B1182899,23/05/2023,A1256348,Attending,
B1182900,23/05/2023,A1256349,Attending,
B1182902,23/05/2023,A1256352,Attending,
B1182903,23/05/2023,A1256353,Attending,
B1182904,23/05/2023,A1256354,Attending,
B1182906,23/05/2023,A1256356,Attending,
B1182907,23/05/2023,A1256357,Attending,
B1182908,23/05/2023,A1256358,Attending,
B1182913,23/05/2023,A1256363,Attending,
B1182914,23/05/2023,A1256364,Attending,
B1182915,23/05/2023,A1256365,Attending,
B1182916,23/05/2023,A1256366,Attending,
B1182917,23/05/2023,A1256367,Attending,
B1182918,23/05/2023,A1256368,Attending,
B1182920,23/05/2023,A1256370,Attending,
B1182923,23/05/2023,A1256373,Attending,
B1182931,23/05/2023,A1256381,Attending,
B1182932,23/05/2023,A1256382,Attending,
B1182933,23/05/2023,A1256383,Attending,
B1182944,23/05/2023,A1256394,Attending,
B1182951,23/05/2023,A1256401,Attending,
B1182952,23/05/2023,A1256402,Attending,
B1182957,23/05/2023,A1256407,Attending,
B1182958,23/05/2023,A1256408,Attending,
B1182963,23/05/2023,A1256413,Attending,
B1182969,23/05/2023,A1256419,Attending,
B1182970,23/05/2023,A1256420,Attending,
B1182971,23/05/2023,A1256421,Attending,
B1182975,23/05/2023,A1256425,Attending,
B1182988,23/05/2023,A1256438,Attending,
B1182996,23/05/2023,A1256446,Attending,
B1183001,23/05/2023,A1256451,Attending,
B1183013,23/05/2023,A1256463,Attending,
B1183025,24/05/2023,A1256475,Attending,
B1183036,24/05/2023,A1256486,Attending,
B1183037,24/05/2023,A1256487,Attending,
B1183038,24/05/2023,A1256488,Attending,
B1183039,24/05/2023,A1256489,Attending,
B1183043,24/05/2023,A1256493,Attending,
B1183044,24/05/2023,A1256494,Attending,
B1183045,24/05/2023,A1256495,Attending,
B1183046,24/05/2023,A1256496,Attending,
B1183047,24/05/2023,A1256497,Attending,
B1183049,24/05/2023,A1256499,Attending,
B1183050,24/05/2023,A1256500,Attending,Yes
B1183051,24/05/2023,A1256501,Attending,
B1183053,24/05/2023,A1256503,Attending,
B1183054,24/05/2023,A1256504,Attending,
B1183056,24/05/2023,A1256506,Attending,
B1183057,24/05/2023,A1256507,Attending,
B1183058,24/05/2023,A1256508,Attending,
B1183059,24/05/2023,A1256509,Attending,
B1183060,24/05/2023,A1256510,Attending,
B1183061,24/05/2023,A1256511,Attending,Yes
B1183062,24/05/2023,A1256512,Attending,
B1183064,24/05/2023,A1256514,Attending,
B1183068,24/05/2023,A1256518,Attending,
B1183069,24/05/2023,A1256519,Attending,
B1183072,24/05/2023,A1256522,Attending,
B1183074,24/05/2023,A1256524,Attending,
B1183075,24/05/2023,A1256525,Attending,
B1183076,24/05/2023,A1256526,Attending,
B1183078,24/05/2023,A1256528,Attending,
B1183079,24/05/2023,A1256529,Attending,
B1183083,24/05/2023,A1256533,Attending,
B1183084,24/05/2023,A1256534,Attending,Yes
B1183085,24/05/2023,A1256535,Attending,Yes
B1183086,24/05/2023,A1256536,Attending,
B1183088,24/05/2023,A1256538,Attending,
B1183090,24/05/2023,A1256540,Attending,
B1183092,24/05/2023,A1256542,Attending,
B1183094,24/05/2023,A1256544,Attending,
B1183095,24/05/2023,A1256545,Attending,Yes
B1183098,24/05/2023,A1256548,Attending,
B1183100,24/05/2023,A1256550,Attending,
B1183101,24/05/2023,A1256551,Attending,
B1183103,24/05/2023,A1256553,Attending,
B1183104,24/05/2023,A1256554,Attending,Yes
B1183105,24/05/2023,A1256555,Attending,
B1183106,24/05/2023,A1256556,Attending,
B1183107,24/05/2023,A1256557,Attending,
B1183111,24/05/2023,A1256561,Attending,
B1183118,24/05/2023,A1256568,Attending,
B1183119,24/05/2023,A1256569,Attending,
B1183136,24/05/2023,A1256586,Attending,
B1183138,24/05/2023,A1256588,Attending,
B1183139,24/05/2023,A1256589,Attending,
B1183141,24/05/2023,A1256591,Attending,
B1183146,24/05/2023,A1256596,Attending,
B1183148,24/05/2023,A1256598,Attending,
B1183149,24/05/2023,A1256599,Attending,
B1183163,24/05/2023,A1256613,Attending,
B1183173,24/05/2023,A1256623,Attending,
B1183178,24/05/2023,A1256629,Attending,
B1183185,24/05/2023,A1256636,Attending,
B1183192,24/05/2023,A1256643,Attending,
B1183204,24/05/2023,A1256655,Attending,
B1183216,24/05/2023,A1256667,Attending,Yes
B1183217,24/05/2023,A1256668,Attending,Yes
B1183224,24/05/2023,A1256675,Attending,
B1183228,24/05/2023,A1256679,Attending,Yes
B1183231,24/05/2023,A1256682,Attending,
B1183342,25/05/2023,A1256793,Attending,
B1183343,25/05/2023,A1256794,Attending,
B1183363,25/05/2023,A1256814,Attending,
B1183367,25/05/2023,A1256818,Attending,Yes
B1183368,25/05/2023,A1256819,Attending,
B1183370,25/05/2023,A1256821,Attending,Yes
B1183384,25/05/2023,A1256835,Attending,Yes
B1183386,25/05/2023,A1256837,Attending,Yes
B1183388,25/05/2023,A1256839,Attending,Yes
B1183394,25/05/2023,A1256845,Attending,
B1183407,25/05/2023,A1256858,Attending,Yes
B1183412,25/05/2023,A1256863,Attending,Yes
B1183424,25/05/2023,A1256875,Attending,Yes
B1183427,25/05/2023,A1256878,Attending,
B1183430,25/05/2023,A1256881,Attending,
B1183443,25/05/2023,A1256894,Attending,
B1183477,25/05/2023,A1256928,Attending,
B1183555,25/05/2023,A1257006,Attending,
B1183761,26/05/2023,A1257215,Attending,
B1183771,26/05/2023,A1257225,Attending,
B1183779,26/05/2023,A1257233,Attending,
B1183812,26/05/2023,A1257266,Attending,
B1183827,26/05/2023,A1257281,Attending,
B1183846,26/05/2023,A1257300,Attending,Yes
B1183847,26/05/2023,A1257301,Attending,
B1183899,26/05/2023,A1257353,Attending,
B1183995,27/05/2023,A1257450,Attending,
B1184274,30/05/2023,A1257730,Attending,Yes
B1184276,30/05/2023,A1257732,Attending,Yes
B1184277,30/05/2023,A1257733,Attending,
B1184294,30/05/2023,A1257750,Attending,
B1184306,30/05/2023,A1257762,Attending,
B1184308,30/05/2023,A1257764,Attending,No
B1184326,30/05/2023,A1257782,Attending,Yes
B1184347,30/05/2023,A1257803,Attending,
B1184367,30/05/2023,A1257823,Attending,
B1184394,30/05/2023,A1257850,Attending,
B1184398,30/05/2023,A1257854,Attending,
B1184427,30/05/2023,A1257883,Attending,No
B1184482,30/05/2023,A1257938,Attending,
B1184613,31/05/2023,A1258069,Attending,Yes
B1184647,31/05/2023,A1258103,Attending,
B1184677,31/05/2023,A1258133,Attending,
B1184744,31/05/2023,A1258208,Attending,
B1184748,31/05/2023,A1258212,Attending,
B1184751,31/05/2023,A1258215,Attending,Yes
B1184799,31/05/2023,A1258263,Attending,Yes
B1184800,31/05/2023,A1258264,Attending,Yes
B1184806,31/05/2023,A1258275,Attending,Yes
B1184806,31/05/2023,A1258276,Attending,Yes
B1184809,31/05/2023,A1258280,Attending,Yes
B1184809,31/05/2023,A1258281,Attending,Yes
B1184924,01/06/2023,A1258396,Attending,
B1184937,01/06/2023,A1258409,Attending,Yes
B1184938,01/06/2023,A1258410,Attending,Yes
B1184940,01/06/2023,A1258412,Attending,Yes
B1184942,01/06/2023,A1258414,Attending,Yes
B1184958,01/06/2023,A1258431,Attending,
B1184961,01/06/2023,A1258434,Attending,
B1185030,01/06/2023,A1258504,Attending,Yes
B1185040,01/06/2023,A1258514,Attending,
B1185200,02/06/2023,A1258674,Attending,
B1185209,02/06/2023,A1258683,Attending,Yes
B1185210,02/06/2023,A1258684,Attending,Yes
B1185218,02/06/2023,A1258692,Attending,
B1185238,02/06/2023,A1258712,Attending,Yes
B1185239,02/06/2023,A1258713,Attending,Yes
B1185240,02/06/2023,A1258714,Attending,Yes
B1185241,02/06/2023,A1258715,Attending,Yes
B1185243,02/06/2023,A1258717,Attending,Yes
B1185246,02/06/2023,A1258720,Attending,Yes
B1185247,02/06/2023,A1258721,Attending,Yes
B1185248,02/06/2023,A1258722,Attending,Yes
B1185249,02/06/2023,A1258723,Attending,Yes
B1185253,02/06/2023,A1258727,Attending,Yes
B1185256,02/06/2023,A1258730,Attending,Yes
B1185258,02/06/2023,A1258732,Attending,Yes
B1185259,02/06/2023,A1258733,Attending,Yes
B1185263,02/06/2023,A1258737,Attending,Yes
B1185264,02/06/2023,A1258738,Attending,Yes
B1185274,02/06/2023,A1258748,Attending,Yes
B1185276,02/06/2023,A1258750,Attending,Yes
B1185277,02/06/2023,A1258751,Attending,
B1185287,02/06/2023,A1258761,Attending,Yes
B1185388,03/06/2023,A1258862,Attending,
B1185428,03/06/2023,A1258902,Attending,
B1185487,04/06/2023,A1258961,Attending,
B1185596,05/06/2023,A1259070,Attending,
B1185603,05/06/2023,A1259077,Attending,
B1185624,05/06/2023,A1259098,Attending,Yes
B1185631,05/06/2023,A1259105,Attending,
B1185643,05/06/2023,A1259117,Attending,
B1185684,05/06/2023,A1259158,Attending,
B1185702,05/06/2023,A1259176,Attending,
B1185706,05/06/2023,A1259180,Attending,
B1185772,05/06/2023,A1259247,Attending,Yes
B1185773,05/06/2023,A1259248,Attending,Yes
B1185798,05/06/2023,A1259273,Attending,Yes
B1185800,05/06/2023,A1259275,Attending,Yes
B1185831,05/06/2023,A1259306,Attending,Yes
B1185832,05/06/2023,A1259307,Attending,Yes
B1185975,06/06/2023,A1259451,Attending,
B1185987,06/06/2023,A1259463,Attending,
B1185992,06/06/2023,A1259468,Attending,
B1186007,06/06/2023,A1259483,Attending,Yes
B1186030,06/06/2023,A1259506,Attending,
B1186107,06/06/2023,A1259584,Attending,
B1186120,06/06/2023,A1259597,Attending,Yes
B1186121,06/06/2023,A1259598,Attending,Yes
B1186129,06/06/2023,A1259606,Attending,
B1186255,07/06/2023,A1259733,Attending,Yes
B1186261,07/06/2023,A1259739,Attending,Yes
B1186298,07/06/2023,A1259777,Attending,Yes
B1186302,07/06/2023,A1259781,Attending,Yes
B1186313,07/06/2023,A1259792,Attending,
B1186391,07/06/2023,A1259870,Attending,Yes
B1186589,08/06/2023,A1260069,Attending,No
B1186596,08/06/2023,A1260076,Attending,Yes
B1192585,29/06/2023,A1266149,Attending,
B1192587,29/06/2023,A1266151,Attending,
B1192588,29/06/2023,A1266152,Attending,
B1192589,29/06/2023,A1266153,Attending,
B1192590,29/06/2023,A1266154,Attending,
B1192591,29/06/2023,A1266155,Attending,
B1192592,29/06/2023,A1266156,Attending,
B1192594,29/06/2023,A1266158,Attending,
B1192596,29/06/2023,A1266160,Attending,
B1192597,29/06/2023,A1266161,Attending,
B1192599,29/06/2023,A1266163,Attending,
B1192600,29/06/2023,A1266164,Attending,
B1192601,29/06/2023,A1266165,Attending,
B1192602,29/06/2023,A1266166,Attending,
B1192603,29/06/2023,A1266167,Attending,
B1192606,29/06/2023,A1266170,Attending,
B1192607,29/06/2023,A1266171,Attending,
B1192610,29/06/2023,A1266174,Attending,
B1192612,29/06/2023,A1266176,Attending,
B1192613,29/06/2023,A1266177,Attending,
B1192614,29/06/2023,A1266178,Attending,
B1192615,29/06/2023,A1266179,Attending,
B1192616,29/06/2023,A1266180,Attending,
B1192617,29/06/2023,A1266181,Attending,
B1192618,29/06/2023,A1266182,Attending,
B1192619,29/06/2023,A1266183,Attending,
B1192620,29/06/2023,A1266184,Attending,
B1192972,04/07/2023,A1266553,Attending,
B1192974,04/07/2023,A1266555,Attending,
B1192975,04/07/2023,A1266556,Attending,
B1192976,04/07/2023,A1266557,Attending,
B1192977,04/07/2023,A1266558,Attending,
B1192978,04/07/2023,A1266559,Attending,
B1192979,04/07/2023,A1266560,Attending,
B1192980,04/07/2023,A1266561,Attending,
B1192981,04/07/2023,A1266562,Attending,
B1192982,04/07/2023,A1266563,Attending,
B1192983,04/07/2023,A1266564,Attending,
B1192984,04/07/2023,A1266565,Attending,
B1192985,04/07/2023,A1266566,Attending,
B1192987,04/07/2023,A1266568,Attending,
B1192988,04/07/2023,A1266569,Attending,
B1192989,04/07/2023,A1266570,Attending,
B1192990,04/07/2023,A1266571,Attending,
B1192991,04/07/2023,A1266572,Attending,
B1192992,04/07/2023,A1266573,Attending,
B1192994,04/07/2023,A1266575,Attending,
B1192995,04/07/2023,A1266576,Attending,
B1193642,17/07/2023,A1267303,Attending,
B1193643,17/07/2023,A1267304,Attending,
B1193645,17/07/2023,A1267306,Attending,
B1193646,17/07/2023,A1267307,Attending,
B1193647,17/07/2023,A1267308,Attending,
B1193693,18/07/2023,A1267378,Attending,
